kunde_id,alder,maaneder_som_kunde,maanedspris_kr,ukentlig_bruk_timer,supporthenvendelser_6mnd,forsinkede_betalinger_12mnd,kontrakt,autotrekk,tilfredshet,churn
K0001,34,21,73.56,8.11,1,0,Maaned,Ja,5.46,0
K0002,40,35,91.6,12.62,1,0,Ett_aar,Ja,8.31,0
K0003,27,59,74.6,3.5,4,1,To_aar,Ja,4.99,1
K0004,18,13,87.01,9.01,2,2,Maaned,Nei,5.2,1
K0005,31,44,87.26,13.97,2,4,Ett_aar,Ja,4.81,0
K0006,,9,75.43,11.4,0,0,Maaned,Ja,,0
K0007,31,33,73.37,13.8,1,2,Ett_aar,Ja,8.25,0
K0008,45,69,59.36,12.32,2,1,Ett_aar,Ja,7.51,0
K0009,18,22,64.07,18.01,3,2,Ett_aar,Ja,6.23,1
K0010,29,28,91.95,13.67,0,1,Maaned,Ja,5.65,0
K0011,60,10,76.5,18.98,2,2,Maaned,Nei,6.71,0
K0012,27,16,79.28,7.3,2,2,Maaned,Nei,5.01,1
K0013,41,66,83.65,14.46,0,0,Ett_aar,Nei,5.63,0
K0014,65,71,78.02,11.99,2,1,Maaned,Ja,5.74,0
K0015,59,67,79.11,18.79,1,0,To_aar,Ja,,0
K0016,60,21,75.2,4.09,1,1,Maaned,Nei,8.86,0
K0017,42,37,84.39,10.82,0,2,Maaned,Nei,6.08,1
K0018,50,30,46.77,5.74,1,0,Maaned,Nei,5.21,0
K0019,,59,93.26,12.66,0,1,Maaned,Ja,8.03,0
K0020,18,50,99.49,9.56,3,2,Maaned,Nei,4.39,1
K0021,65,49,51.42,15.78,2,0,To_aar,Ja,7.12,0
K0022,59,5,64.2,15.46,0,0,Maaned,Nei,8.67,0
K0023,31,82,90.22,17.86,0,1,Maaned,Ja,6.44,0
K0024,41,1,93.39,11.06,2,2,Maaned,Nei,7.13,1
K0025,,83,61.81,8.53,1,0,To_aar,Ja,7.25,0
K0026,52,46,91.09,14.07,3,1,Ett_aar,Nei,5.7,1
K0027,24,23,68.23,8.04,1,0,Maaned,Nei,7.7,1
K0028,,12,63.54,1.5,1,0,Maaned,Nei,10.0,0
K0029,21,63,69.76,5.68,2,1,Maaned,Nei,5.56,0
K0030,38,57,93.09,9.76,0,2,Maaned,Ja,5.68,0
K0031,27,28,80.75,15.98,0,2,Maaned,Nei,6.85,1
K0032,35,14,72.93,5.23,1,0,Ett_aar,Ja,5.72,0
K0033,18,34,88.33,13.21,0,0,Maaned,Nei,7.15,0
K0034,42,94,72.19,11.27,0,2,Maaned,Ja,6.62,0
K0035,18,82,85.46,10.65,1,0,Maaned,Ja,6.19,0
K0036,56,48,77.9,9.15,1,0,To_aar,Nei,7.81,0
K0037,51,27,68.83,11.31,1,2,Ett_aar,Nei,5.45,0
K0038,49,14,79.92,7.62,2,0,Maaned,Ja,5.19,0
K0039,26,28,86.01,13.47,1,1,Ett_aar,Ja,9.04,0
K0040,39,42,91.02,11.78,2,0,Maaned,Nei,3.67,0
K0041,77,52,82.21,9.21,1,0,Maaned,Ja,7.56,1
K0042,26,85,72.28,13.91,4,0,Maaned,Ja,6.0,0
K0043,18,49,85.02,11.64,0,0,Ett_aar,Nei,7.9,0
K0044,46,38,67.0,10.72,0,0,Maaned,Ja,6.22,0
K0045,66,30,72.38,13.05,0,0,Ett_aar,Ja,7.27,0
K0046,29,32,88.2,10.77,2,1,Maaned,Ja,6.96,1
K0047,,96,,9.71,1,1,To_aar,Ja,8.02,0
K0048,30,55,65.15,22.06,1,2,Ett_aar,Nei,6.93,0
K0049,,101,93.78,22.58,1,0,Maaned,Ja,8.07,0
K0050,18,34,70.48,16.86,2,0,Ett_aar,Ja,4.86,0
K0051,36,13,82.98,11.45,1,1,Maaned,Nei,7.43,0
K0052,56,83,77.63,2.5,4,0,To_aar,Ja,5.28,0
K0053,45,30,78.61,13.04,1,0,Maaned,Ja,,0
K0054,40,79,75.23,12.89,2,0,Maaned,Nei,5.15,0
K0055,37,10,70.05,8.29,1,3,Maaned,Ja,6.6,0
K0056,43,14,85.11,15.59,2,0,Maaned,Nei,8.01,0
K0057,42,30,83.01,14.86,0,0,To_aar,Ja,9.44,0
K0058,40,120,62.49,11.19,1,0,Ett_aar,Ja,8.22,0
K0059,54,79,83.52,12.28,4,0,Ett_aar,Ja,5.6,1
K0060,48,51,62.7,3.28,2,0,Ett_aar,Nei,7.48,1
K0061,52,26,90.45,11.36,0,1,Maaned,Ja,5.01,0
K0062,65,23,90.65,8.47,4,1,Maaned,Ja,5.75,1
K0063,54,54,50.44,4.35,2,1,Ett_aar,Ja,5.17,0
K0064,25,45,77.74,15.66,1,0,Maaned,Ja,7.77,0
K0065,64,86,63.32,7.76,0,2,Ett_aar,Ja,6.32,0
K0066,55,47,86.73,14.47,1,0,Ett_aar,Nei,7.77,0
K0067,,24,69.73,16.63,1,0,Maaned,Ja,7.27,0
K0068,18,50,66.7,15.99,0,1,Ett_aar,Nei,8.29,0
K0069,48,35,73.23,13.65,2,0,Ett_aar,Nei,8.31,0
K0070,52,108,82.05,5.61,0,0,To_aar,Ja,6.36,0
K0071,23,28,62.3,3.07,1,0,To_aar,Ja,7.95,0
K0072,47,47,79.55,10.14,0,1,Maaned,Nei,7.37,0
K0073,34,73,94.11,15.68,2,2,Maaned,Nei,4.08,0
K0074,34,120,79.05,8.97,1,2,To_aar,Ja,,0
K0075,40,10,80.84,16.92,2,0,Maaned,Ja,7.85,0
K0076,45,13,51.88,11.71,3,1,Maaned,Nei,4.81,1
K0077,41,88,71.68,8.77,3,2,Ett_aar,Ja,6.01,0
K0078,36,38,69.12,8.38,1,1,Ett_aar,Ja,7.6,1
K0079,28,88,61.86,18.75,0,0,Ett_aar,Ja,7.34,0
K0080,18,48,60.13,12.2,0,3,To_aar,Ja,7.18,0
K0081,49,22,,7.04,2,0,Maaned,Nei,6.68,0
K0082,59,33,71.78,14.48,0,1,Ett_aar,Ja,5.04,0
K0083,30,28,80.36,15.26,0,2,Maaned,Nei,7.0,0
K0084,57,32,57.13,13.68,3,0,Maaned,Nei,3.64,1
K0085,33,64,67.05,9.9,1,0,Maaned,Nei,8.6,0
K0086,52,27,100.41,16.62,0,2,Maaned,Nei,6.05,1
K0087,47,37,57.0,18.64,1,2,Ett_aar,Nei,7.44,0
K0088,18,25,85.56,8.81,0,1,Maaned,Nei,6.92,0
K0089,65,47,78.63,8.1,2,0,Maaned,Ja,9.06,0
K0090,53,62,78.26,10.65,1,1,Maaned,Ja,6.79,0
K0091,44,38,76.54,8.02,1,1,Ett_aar,Ja,6.87,0
K0092,32,23,87.44,16.81,0,1,Maaned,Nei,8.49,0
K0093,51,33,69.54,10.14,1,0,To_aar,Ja,6.73,0
K0094,24,12,88.08,11.48,3,2,Maaned,Nei,,0
K0095,51,18,46.98,3.25,0,0,Maaned,Nei,7.01,0
K0096,18,24,96.86,8.35,1,0,Maaned,Nei,6.57,0
K0097,54,75,58.43,12.82,2,0,To_aar,Ja,4.59,0
K0098,32,54,76.65,7.9,2,2,Maaned,Ja,5.17,0
K0099,49,41,71.84,6.82,2,0,Ett_aar,Ja,6.64,0
K0100,61,47,85.79,15.91,2,2,Maaned,Nei,6.99,0
K0101,47,41,105.05,16.79,2,3,Maaned,Nei,5.27,1
K0102,30,120,83.71,14.27,2,1,Maaned,Nei,5.28,0
K0103,40,49,77.65,5.05,1,0,Ett_aar,Ja,5.75,0
K0104,39,22,59.53,9.63,0,0,Ett_aar,Ja,5.96,0
K0105,40,34,78.29,18.17,2,1,Ett_aar,Nei,,0
K0106,37,38,80.0,9.51,1,0,Ett_aar,Nei,10.0,0
K0107,35,8,76.12,19.13,0,2,Maaned,Ja,7.42,0
K0108,58,34,67.33,,2,1,Ett_aar,Nei,7.74,1
K0109,52,25,66.59,13.92,4,1,Maaned,Nei,5.07,0
K0110,40,33,65.86,12.82,3,1,Maaned,Nei,4.05,0
K0111,18,37,68.72,13.91,1,0,To_aar,Nei,8.19,0
K0112,70,21,98.06,7.96,3,1,Maaned,Ja,6.02,0
K0113,37,10,96.63,8.08,2,1,Maaned,Nei,3.79,1
K0114,18,8,81.02,12.64,1,1,Maaned,Ja,9.25,0
K0115,20,16,79.55,9.41,2,0,Ett_aar,Ja,4.42,1
K0116,27,46,78.44,19.73,1,0,To_aar,Ja,6.83,0
K0117,55,40,81.65,7.16,2,0,Maaned,Ja,7.12,0
K0118,74,40,71.43,9.26,1,2,Maaned,Ja,4.6,0
K0119,45,53,72.31,17.56,1,0,Maaned,Ja,7.75,0
K0120,52,26,72.45,1.35,1,5,Maaned,Nei,6.0,0
K0121,45,34,73.5,8.76,0,1,Maaned,Ja,7.43,0
K0122,49,47,72.77,20.38,1,0,To_aar,Nei,8.61,0
K0123,34,39,48.03,11.81,1,1,Ett_aar,Ja,5.97,0
K0124,56,45,65.4,3.67,3,1,Ett_aar,Ja,5.5,0
K0125,48,25,77.3,10.56,0,1,Ett_aar,Ja,7.72,0
K0126,69,11,94.4,7.85,2,1,Maaned,Ja,6.09,0
K0127,29,58,77.55,9.07,1,0,Maaned,Ja,5.86,0
K0128,18,35,80.12,13.35,2,0,Maaned,Nei,6.3,1
K0129,52,72,70.59,20.34,0,1,Ett_aar,Ja,6.18,0
K0130,28,38,68.06,11.29,1,0,To_aar,Ja,9.72,0
K0131,67,56,61.71,20.49,4,2,Maaned,Nei,2.64,1
K0132,27,10,110.45,12.92,1,2,Maaned,Ja,4.68,1
K0133,22,47,80.83,15.46,0,0,Maaned,Ja,9.21,0
K0134,49,24,63.57,18.13,0,1,To_aar,Nei,5.63,0
K0135,43,36,57.37,11.58,0,2,Maaned,Nei,8.13,0
K0136,52,21,81.89,11.73,2,1,Maaned,Ja,6.51,0
K0137,18,11,86.98,8.97,2,1,Maaned,Nei,5.19,1
K0138,42,7,63.72,15.36,0,0,Maaned,Nei,8.62,0
K0139,41,27,78.57,13.25,3,1,Maaned,Ja,7.33,0
K0140,40,59,80.17,20.31,1,0,Maaned,Ja,7.32,0
K0141,27,56,69.43,11.16,0,1,To_aar,Ja,6.52,0
K0142,52,38,90.31,10.38,2,3,Maaned,Nei,6.51,1
K0143,51,38,72.52,17.87,0,0,Ett_aar,Ja,9.52,0
K0144,32,8,46.87,0.7,1,3,Maaned,Nei,,1
K0145,21,27,72.52,12.95,1,1,Maaned,Nei,5.27,0
K0146,26,59,63.59,18.64,0,0,To_aar,Ja,5.92,0
K0147,36,27,72.81,10.39,2,1,Maaned,Ja,4.2,1
K0148,32,120,72.45,12.52,0,3,Maaned,Ja,3.97,0
K0149,40,35,72.32,16.68,1,2,To_aar,Ja,,0
K0150,45,95,92.05,14.82,7,1,Maaned,Nei,6.63,1
K0151,59,31,82.03,4.22,4,2,Maaned,Nei,4.52,1
K0152,51,42,93.5,8.95,1,0,Maaned,Nei,6.93,1
K0153,18,44,84.68,9.24,3,1,Maaned,Ja,6.67,1
K0154,39,31,79.33,12.92,1,0,Maaned,Ja,5.8,0
K0155,48,103,81.06,6.15,1,0,Ett_aar,Ja,8.35,0
K0156,20,59,74.26,12.96,0,0,Maaned,Ja,7.32,0
K0157,21,38,66.83,9.78,1,1,To_aar,Ja,,0
K0158,33,22,75.41,7.84,0,1,Maaned,Ja,7.42,0
K0159,41,68,64.09,17.03,2,0,Maaned,Ja,8.22,0
K0160,60,8,93.69,,0,2,Maaned,Ja,5.55,1
K0161,48,14,81.38,20.18,2,0,Maaned,Nei,5.36,0
K0162,18,51,46.85,8.04,2,0,Ett_aar,Ja,8.65,0
K0163,70,51,74.21,8.55,3,1,Ett_aar,Ja,3.12,0
K0164,23,23,56.64,2.65,2,0,Maaned,Nei,7.63,0
K0165,73,68,83.77,11.44,1,1,Ett_aar,Nei,4.52,1
K0166,34,60,90.9,16.81,2,1,Ett_aar,Ja,3.89,1
K0167,51,26,83.48,17.15,3,0,Maaned,Ja,4.52,0
K0168,,30,80.04,19.52,1,1,Ett_aar,Nei,3.46,0
K0169,31,53,85.19,14.39,4,3,Maaned,Nei,1.35,0
K0170,18,68,80.26,10.49,1,3,Ett_aar,Nei,5.06,1
K0171,43,39,59.04,10.19,0,0,To_aar,Ja,9.05,0
K0172,33,31,68.41,17.81,1,0,Ett_aar,Ja,7.49,0
K0173,,38,96.07,9.64,2,1,Maaned,Ja,6.33,0
K0174,45,76,60.21,12.56,1,0,Maaned,Ja,8.88,0
K0175,20,50,68.67,15.8,1,2,Ett_aar,Ja,6.62,1
K0176,61,34,75.84,13.3,2,2,Ett_aar,Nei,4.47,0
K0177,53,39,62.08,11.09,1,0,Ett_aar,Ja,6.27,0
K0178,18,56,72.87,7.67,1,2,Maaned,Nei,6.59,0
K0179,56,34,78.56,10.08,5,1,Ett_aar,Nei,4.35,0
K0180,44,39,71.17,8.38,2,3,Ett_aar,Ja,6.66,0
K0181,51,25,59.58,18.77,1,0,Maaned,Ja,7.16,0
K0182,53,41,91.32,8.95,2,0,Ett_aar,Ja,8.22,0
K0183,39,35,67.06,12.66,3,2,Ett_aar,Ja,4.57,0
K0184,40,64,87.65,20.01,1,0,Ett_aar,Ja,7.46,0
K0185,41,47,91.23,13.57,2,1,Ett_aar,Nei,5.65,0
K0186,44,50,98.72,12.91,1,2,Maaned,Nei,5.51,0
K0187,47,54,94.06,11.47,0,2,Maaned,Nei,8.55,1
K0188,33,25,78.49,5.28,0,0,Ett_aar,Ja,8.62,0
K0189,36,40,69.36,14.91,1,0,Maaned,Ja,7.85,0
K0190,39,32,80.5,18.05,0,0,Ett_aar,Nei,,0
K0191,26,34,57.94,8.33,2,0,Ett_aar,Ja,8.51,0
K0192,42,117,72.73,17.28,1,0,To_aar,Ja,7.1,0
K0193,34,20,,12.09,0,1,Maaned,Nei,8.31,1
K0194,20,17,89.43,,1,0,Ett_aar,Ja,6.46,0
K0195,41,28,42.95,13.63,1,0,Maaned,Ja,6.61,0
K0196,41,20,85.79,15.16,0,0,Ett_aar,Ja,8.26,0
K0197,50,10,,,1,1,Maaned,Nei,4.85,0
K0198,21,14,72.59,9.69,1,0,Maaned,Ja,7.38,0
K0199,28,52,74.52,9.75,1,1,Ett_aar,Ja,8.21,0
K0200,41,25,73.3,0.76,4,0,Ett_aar,Ja,6.77,1
K0201,,28,82.85,7.31,4,0,Maaned,Nei,5.41,0
K0202,48,100,66.48,2.36,2,3,Maaned,Nei,5.71,0
K0203,47,51,49.35,4.9,1,1,Ett_aar,Nei,6.55,0
K0204,46,26,81.11,,3,3,To_aar,Nei,7.08,0
K0205,54,47,78.59,6.82,5,0,Ett_aar,Ja,5.46,0
K0206,55,15,89.7,17.36,0,1,Maaned,Ja,4.61,1
K0207,29,120,113.55,7.27,1,1,Maaned,Ja,5.17,0
K0208,30,72,79.26,8.12,1,2,Maaned,Nei,6.2,0
K0209,32,61,70.98,16.25,1,0,Ett_aar,Ja,5.71,1
K0210,50,48,81.59,9.88,1,2,Maaned,Nei,8.93,0
K0211,36,63,82.91,10.78,3,0,Maaned,Ja,6.14,0
K0212,46,20,102.6,12.62,0,1,Maaned,Ja,7.47,0
K0213,36,68,65.94,,1,0,To_aar,Ja,8.26,0
K0214,45,54,71.34,3.56,3,1,Ett_aar,Nei,6.09,1
K0215,50,20,76.48,10.04,4,1,Maaned,Nei,7.49,1
K0216,29,34,70.87,10.14,0,3,Ett_aar,Nei,6.47,1
K0217,60,48,88.36,12.57,0,0,Maaned,Nei,7.12,1
K0218,26,65,80.92,8.97,4,1,Maaned,Nei,4.76,1
K0219,18,38,65.22,17.37,1,0,Ett_aar,Nei,6.78,0
K0220,30,53,65.03,12.33,3,2,Maaned,Ja,6.3,0
K0221,36,43,73.8,7.31,1,3,Maaned,Nei,7.11,1
K0222,48,19,80.24,,1,1,Maaned,Nei,7.64,0
K0223,58,10,63.49,9.19,1,0,Maaned,Nei,7.17,0
K0224,48,58,106.43,13.12,1,0,Maaned,Nei,6.14,0
K0225,51,63,70.27,12.78,4,0,To_aar,Ja,7.32,0
K0226,27,103,48.5,10.7,1,2,To_aar,Ja,8.53,0
K0227,60,39,76.88,11.08,0,1,Maaned,Ja,,0
K0228,51,6,79.07,7.1,0,2,Maaned,Nei,5.28,0
K0229,49,21,60.13,10.09,0,1,Ett_aar,Nei,7.77,0
K0230,45,68,67.39,14.48,0,1,To_aar,Ja,6.36,1
K0231,53,74,61.34,14.24,2,0,Ett_aar,Ja,8.01,0
K0232,39,22,73.5,23.9,0,0,To_aar,Ja,6.83,0
K0233,48,17,86.03,12.28,3,2,Maaned,Nei,6.15,1
K0234,46,46,89.22,12.84,0,0,Ett_aar,Ja,6.28,0
K0235,,41,70.02,16.21,1,2,Maaned,Ja,6.94,0
K0236,,18,68.51,17.81,1,0,Ett_aar,Ja,7.51,0
K0237,31,45,61.31,5.73,1,2,To_aar,Ja,5.98,0
K0238,39,66,80.55,12.34,3,2,To_aar,Ja,4.31,0
K0239,49,21,94.52,3.68,2,1,Maaned,Nei,3.9,0
K0240,53,65,85.38,11.03,2,2,Maaned,Ja,5.7,1
K0241,57,51,70.39,1.8,3,0,Ett_aar,Ja,8.23,0
K0242,55,90,65.86,15.24,2,0,To_aar,Ja,10.0,0
K0243,27,53,66.31,10.88,3,0,To_aar,Nei,6.8,0
K0244,26,7,54.16,7.46,1,0,Maaned,Nei,10.0,0
K0245,47,43,53.67,9.17,3,1,Maaned,Ja,6.8,0
K0246,,22,90.49,6.24,0,2,Maaned,Nei,6.88,0
K0247,33,9,75.24,11.12,3,1,Maaned,Nei,3.25,1
K0248,49,56,65.0,11.96,1,3,Ett_aar,Nei,7.66,0
K0249,43,39,,11.67,3,2,To_aar,Ja,4.52,0
K0250,46,21,95.51,7.98,1,0,Maaned,Nei,6.68,1
K0251,,44,77.32,16.33,1,1,Maaned,Ja,6.51,0
K0252,66,25,68.53,9.54,1,0,Maaned,Nei,6.07,1
K0253,36,62,59.94,5.26,0,1,To_aar,Ja,7.74,0
K0254,37,68,71.35,16.1,3,1,To_aar,Ja,6.77,0
K0255,36,25,69.54,18.17,3,4,Maaned,Nei,5.24,1
K0256,44,120,46.46,11.84,4,0,Maaned,Nei,3.72,0
K0257,46,33,83.35,11.09,3,1,Maaned,Ja,5.96,0
K0258,54,51,81.24,13.43,2,0,Maaned,Nei,7.6,1
K0259,39,12,72.27,12.54,1,1,Maaned,Ja,5.78,1
K0260,52,72,39.18,8.29,0,0,To_aar,Ja,9.17,0
K0261,43,39,44.21,16.04,1,1,To_aar,Nei,7.24,0
K0262,42,47,83.01,10.58,0,0,Maaned,Ja,,0
K0263,18,118,82.24,18.85,1,3,Ett_aar,Nei,3.98,1
K0264,29,14,80.43,9.21,1,1,Maaned,Nei,7.43,0
K0265,29,6,70.93,13.48,0,1,Maaned,Nei,7.54,0
K0266,40,50,85.61,12.24,0,2,Maaned,Nei,5.56,0
K0267,25,51,54.43,3.76,2,1,Ett_aar,Ja,5.78,0
K0268,21,28,58.26,9.88,1,0,Ett_aar,Ja,6.68,0
K0269,46,35,79.57,10.89,3,1,Ett_aar,Nei,3.35,1
K0270,33,36,85.65,18.77,2,0,To_aar,Ja,7.04,0
K0271,,51,69.97,19.13,0,0,To_aar,Ja,10.0,0
K0272,29,79,65.56,4.62,2,0,Ett_aar,Ja,8.45,0
K0273,56,43,83.48,17.56,1,3,Maaned,Nei,6.04,1
K0274,35,71,75.98,17.0,2,2,Maaned,Ja,8.64,0
K0275,35,44,64.76,18.14,0,0,Ett_aar,Ja,6.25,0
K0276,60,30,80.91,5.42,1,0,Maaned,Ja,6.16,1
K0277,30,15,94.38,,4,2,Ett_aar,Ja,7.19,0
K0278,27,28,90.05,11.65,0,1,Maaned,Ja,6.46,1
K0279,34,82,68.81,9.12,0,0,Maaned,Nei,7.9,0
K0280,18,20,79.67,13.38,1,0,Ett_aar,Ja,4.43,0
K0281,38,60,74.15,11.77,1,1,Maaned,Nei,6.11,0
K0282,36,24,70.39,12.34,1,0,Maaned,Ja,7.07,0
K0283,33,44,73.6,9.94,2,2,Maaned,Nei,6.2,0
K0284,48,52,61.36,9.41,0,0,Ett_aar,Ja,10.0,0
K0285,29,22,66.47,,0,2,Maaned,Nei,7.55,0
K0286,42,31,67.16,18.02,1,0,To_aar,Ja,6.74,0
K0287,37,16,74.93,12.27,0,2,Maaned,Nei,7.2,1
K0288,44,38,77.31,7.69,2,1,Maaned,Ja,7.8,0
K0289,46,57,84.94,16.3,0,0,Ett_aar,Ja,8.23,0
K0290,54,96,72.67,12.25,0,0,Ett_aar,Ja,7.57,0
K0291,28,88,78.94,,0,2,Ett_aar,Nei,7.98,0
K0292,38,37,77.2,8.68,2,2,Maaned,Ja,3.18,1
K0293,56,69,49.73,12.18,1,0,To_aar,Ja,6.14,0
K0294,46,5,74.68,14.49,1,0,Maaned,Nei,4.46,1
K0295,21,24,75.32,6.48,1,0,Maaned,Nei,7.71,0
K0296,45,43,71.17,20.27,1,0,To_aar,Ja,7.9,0
K0297,71,5,77.23,12.62,1,2,Maaned,Nei,5.73,1
K0298,35,52,97.6,13.17,0,0,Ett_aar,Ja,7.08,0
K0299,18,62,74.8,17.17,2,1,Ett_aar,Ja,8.23,0
K0300,57,36,78.37,11.75,0,0,Maaned,Ja,7.94,0
K0301,44,42,94.43,8.78,2,0,Ett_aar,Nei,5.23,1
K0302,41,38,70.05,13.08,1,1,Ett_aar,Ja,3.92,1
K0303,43,89,90.07,17.1,0,0,Maaned,Ja,6.25,0
K0304,19,33,80.33,10.32,3,1,Ett_aar,Ja,7.13,0
K0305,31,26,93.05,9.63,1,2,Maaned,Ja,7.02,0
K0306,18,21,77.18,7.52,0,1,Maaned,Nei,8.13,0
K0307,49,57,64.53,5.47,0,0,To_aar,Ja,6.27,0
K0308,63,24,60.34,8.08,1,0,Ett_aar,Nei,10.0,0
K0309,19,40,88.1,13.2,1,1,To_aar,Ja,7.28,0
K0310,42,55,58.92,12.2,2,1,To_aar,Nei,5.6,0
K0311,41,44,86.3,14.84,0,2,Maaned,Ja,9.14,0
K0312,49,52,63.06,5.7,2,1,Ett_aar,Ja,7.19,0
K0313,53,61,61.07,11.41,0,0,Maaned,Ja,7.01,0
K0314,35,23,73.27,11.41,0,1,Maaned,Nei,6.71,0
K0315,36,54,59.25,,2,1,Ett_aar,Ja,5.82,0
K0316,29,40,89.42,11.67,0,0,Maaned,Nei,10.0,0
K0317,52,27,65.47,9.57,1,0,Maaned,Ja,8.6,0
K0318,34,30,80.13,14.3,0,0,Ett_aar,Ja,6.29,0
K0319,18,60,80.66,5.63,0,2,To_aar,Ja,8.98,0
K0320,37,109,36.41,15.99,1,0,To_aar,Nei,7.59,0
K0321,34,41,92.64,11.39,2,2,Ett_aar,Ja,7.13,0
K0322,51,35,74.72,13.19,0,1,Maaned,Ja,7.26,0
K0323,53,21,66.44,5.54,0,1,Ett_aar,Nei,10.0,0
K0324,42,12,77.69,9.83,0,2,Maaned,Ja,5.35,0
K0325,44,60,83.63,10.72,1,1,Maaned,Nei,5.19,0
K0326,,66,80.42,13.12,2,1,Ett_aar,Ja,6.26,0
K0327,39,91,68.85,12.46,1,0,Ett_aar,Nei,6.15,0
K0328,43,39,71.65,17.77,1,0,Maaned,Ja,5.68,0
K0329,33,28,71.98,1.68,1,1,Maaned,Nei,9.76,0
K0330,28,25,69.1,12.4,0,0,Ett_aar,Ja,7.93,0
K0331,36,14,78.11,16.28,2,2,Maaned,Nei,4.38,0
K0332,47,20,,8.49,3,0,Ett_aar,Ja,4.25,0
K0333,39,61,75.88,13.26,0,0,Ett_aar,Ja,5.38,0
K0334,55,27,73.4,9.85,3,0,Maaned,Ja,5.58,1
K0335,54,83,71.19,6.14,3,0,To_aar,Ja,6.68,0
K0336,42,4,81.32,9.39,1,0,Maaned,Nei,8.74,0
K0337,42,30,67.25,4.56,1,0,To_aar,Ja,9.45,0
K0338,52,23,63.48,5.62,1,1,Ett_aar,Nei,6.01,0
K0339,36,8,70.04,1.9,0,0,Maaned,Ja,9.79,1
K0340,31,19,77.85,11.63,1,4,Maaned,Nei,6.22,0
K0341,18,49,91.06,18.81,3,1,Ett_aar,Nei,5.16,1
K0342,42,39,72.87,12.26,1,2,Ett_aar,Ja,4.54,0
K0343,37,36,96.0,13.89,0,0,Maaned,Nei,7.59,0
K0344,49,14,61.05,5.21,2,1,Maaned,Ja,6.52,0
K0345,40,47,,11.4,1,0,Ett_aar,Nei,8.36,0
K0346,18,6,65.47,7.79,2,2,Maaned,Nei,6.7,0
K0347,41,57,64.0,9.93,1,2,Ett_aar,Ja,5.3,0
K0348,47,50,61.19,14.72,0,1,Maaned,Ja,8.83,0
K0349,37,36,99.68,9.31,1,0,Ett_aar,Ja,8.64,0
K0350,47,42,62.48,13.0,2,0,Ett_aar,Nei,9.13,0
K0351,43,29,83.38,5.64,0,0,Ett_aar,Ja,8.38,0
K0352,42,56,72.46,15.92,1,3,Maaned,Nei,5.07,0
K0353,45,68,75.22,,0,1,To_aar,Ja,7.77,0
K0354,,37,66.04,10.3,2,2,Ett_aar,Nei,5.01,0
K0355,20,48,71.87,7.76,2,0,Ett_aar,Nei,8.4,0
K0356,52,70,65.28,12.32,1,0,Ett_aar,Ja,6.21,0
K0357,51,78,97.76,14.76,0,1,Maaned,Nei,7.52,0
K0358,41,13,67.56,8.46,1,1,Maaned,Nei,5.78,0
K0359,47,19,74.11,,3,0,Ett_aar,Ja,6.46,0
K0360,18,29,65.32,16.21,3,1,Ett_aar,Ja,6.21,0
K0361,45,7,67.44,16.17,1,0,Maaned,Ja,7.55,0
K0362,37,22,85.64,9.48,1,0,Maaned,Ja,6.48,1
K0363,56,71,63.21,12.02,0,2,Maaned,Ja,6.43,0
K0364,35,18,,6.72,2,1,Maaned,Nei,5.4,1
K0365,32,49,87.09,13.97,2,2,Maaned,Nei,4.94,0
K0366,40,24,48.64,10.9,1,2,Ett_aar,Ja,7.49,0
K0367,53,45,64.89,,1,1,Ett_aar,Ja,10.0,0
K0368,35,85,77.02,18.15,1,0,Ett_aar,Ja,8.16,0
K0369,60,25,74.11,14.76,1,0,Maaned,Nei,6.49,1
K0370,63,15,68.29,10.78,2,0,Maaned,Nei,6.52,0
K0371,43,108,56.81,5.47,2,0,Ett_aar,Nei,6.89,0
K0372,32,36,65.02,5.68,1,0,Ett_aar,Ja,8.88,0
K0373,56,16,69.98,6.75,5,1,Maaned,Ja,3.74,1
K0374,37,63,68.85,6.13,1,1,Maaned,Ja,6.45,1
K0375,53,43,66.18,13.33,0,0,Maaned,Ja,6.66,0
K0376,51,39,67.95,9.13,0,2,To_aar,Ja,9.09,0
K0377,68,13,77.69,18.44,2,1,Maaned,Ja,4.5,0
K0378,41,38,82.3,8.45,2,2,Maaned,Nei,7.71,1
K0379,34,54,89.48,9.05,2,2,Maaned,Nei,5.42,0
K0380,,26,76.68,6.43,1,0,Maaned,Ja,9.5,0
K0381,22,35,83.72,9.59,0,1,Maaned,Nei,8.28,0
K0382,41,51,70.94,,1,0,Ett_aar,Ja,6.22,0
K0383,47,41,75.46,15.44,1,0,To_aar,Ja,5.96,0
K0384,50,32,62.66,9.57,2,2,To_aar,Nei,5.91,1
K0385,43,21,76.75,,3,1,Maaned,Ja,5.82,0
K0386,44,97,73.43,16.26,0,0,Maaned,Nei,7.94,0
K0387,25,26,74.64,12.73,1,1,Maaned,Nei,8.47,0
K0388,47,46,82.9,10.73,1,1,Ett_aar,Ja,7.56,0
K0389,46,27,81.18,10.75,1,0,Maaned,Ja,4.17,1
K0390,18,48,94.64,17.99,1,1,Maaned,Ja,5.08,0
K0391,38,15,68.44,14.08,1,1,Maaned,Nei,7.1,0
K0392,59,96,70.9,8.97,2,0,Maaned,Nei,7.11,0
K0393,43,22,84.41,16.38,0,3,Ett_aar,Nei,5.28,0
K0394,28,49,60.29,2.92,2,1,Maaned,Nei,5.39,0
K0395,63,31,68.98,2.71,3,0,Maaned,Nei,4.59,0
K0396,18,54,79.86,14.61,2,0,To_aar,Ja,7.46,0
K0397,52,17,62.4,16.05,1,3,Maaned,Nei,4.81,0
K0398,21,39,82.14,9.7,0,1,Ett_aar,Nei,6.36,0
K0399,78,45,63.53,10.13,3,0,Maaned,Nei,,0
K0400,18,21,72.81,9.06,1,1,Ett_aar,Ja,7.22,1
K0401,51,4,61.14,16.33,0,1,Maaned,Ja,6.92,0
K0402,58,37,78.38,15.02,1,1,To_aar,Ja,4.12,1
K0403,43,20,80.01,12.84,4,3,Maaned,Ja,4.23,1
K0404,35,29,74.82,10.01,0,1,Maaned,Ja,5.49,0
K0405,24,36,76.29,8.24,2,0,Ett_aar,Ja,,0
K0406,25,89,65.11,8.98,2,2,Maaned,Nei,6.27,1
K0407,54,20,83.97,11.71,0,1,Ett_aar,Ja,9.36,0
K0408,69,40,42.53,11.43,1,2,To_aar,Ja,7.06,0
K0409,36,26,69.57,0.86,3,0,Ett_aar,Ja,5.2,0
K0410,51,76,70.78,12.91,0,1,To_aar,Ja,6.52,0
K0411,45,29,75.95,12.84,1,0,Ett_aar,Nei,6.97,0
K0412,62,68,76.76,16.83,2,2,Ett_aar,Nei,3.81,0
K0413,18,26,53.52,6.42,1,1,To_aar,Ja,8.11,0
K0414,48,42,59.03,16.93,1,1,To_aar,Ja,7.62,0
K0415,43,87,81.2,12.1,1,1,Ett_aar,Ja,6.45,0
K0416,27,69,90.15,13.8,4,1,Maaned,Ja,4.4,0
K0417,51,23,66.54,8.29,1,1,Ett_aar,Nei,6.78,0
K0418,32,46,77.29,6.49,3,0,To_aar,Ja,5.49,0
K0419,31,11,81.36,13.47,0,3,Maaned,Nei,8.14,1
K0420,28,45,83.35,8.43,1,0,Maaned,Ja,8.42,1
K0421,52,45,75.92,17.14,2,0,Maaned,Ja,5.29,0
K0422,29,36,66.34,8.97,0,0,Ett_aar,Ja,7.03,0
K0423,37,8,84.04,17.33,2,1,Maaned,Nei,2.17,1
K0424,36,36,75.89,7.79,1,1,Maaned,Ja,5.6,0
K0425,50,44,70.05,15.33,0,0,To_aar,Ja,7.05,0
K0426,24,62,60.67,10.29,4,1,Ett_aar,Ja,6.0,0
K0427,43,43,81.14,13.73,1,1,To_aar,Ja,3.19,0
K0428,46,33,78.01,15.24,1,1,Maaned,Ja,6.48,1
K0429,40,86,71.03,9.16,0,1,Maaned,Nei,7.42,0
K0430,47,39,65.23,8.26,0,2,To_aar,Ja,7.95,0
K0431,49,19,90.15,11.66,1,3,Maaned,Nei,4.83,1
K0432,24,24,71.62,11.81,2,1,Maaned,Nei,7.67,0
K0433,28,34,66.46,18.35,1,0,Maaned,Nei,10.0,0
K0434,39,23,65.65,13.22,1,1,Ett_aar,Ja,7.48,0
K0435,53,26,64.88,5.65,2,2,Ett_aar,Nei,5.06,0
K0436,41,9,80.72,11.99,2,2,Maaned,Ja,4.7,0
K0437,49,48,55.14,11.75,1,1,To_aar,Ja,8.12,0
K0438,21,28,73.26,12.09,0,2,To_aar,Ja,6.24,0
K0439,18,16,96.68,18.11,3,1,Maaned,Nei,6.39,0
K0440,44,40,70.8,10.45,0,0,Maaned,Ja,7.27,0
K0441,,53,83.89,9.66,0,0,To_aar,Ja,9.1,0
K0442,28,28,84.16,9.95,1,0,Maaned,Ja,8.5,0
K0443,57,5,54.56,14.8,1,0,Maaned,Nei,6.04,1
K0444,30,18,83.57,,2,1,Maaned,Ja,6.31,0
K0445,64,108,46.72,5.68,1,0,To_aar,Ja,7.42,0
K0446,44,40,81.64,9.54,1,1,Ett_aar,Nei,6.12,1
K0447,60,35,65.57,14.59,3,0,To_aar,Ja,5.94,0
K0448,47,72,86.5,7.76,1,1,Maaned,Ja,6.83,0
K0449,53,105,74.4,11.79,2,2,Ett_aar,Ja,6.73,0
K0450,51,28,89.74,13.86,0,1,Maaned,Nei,10.0,0
K0451,26,82,72.32,17.62,0,0,Ett_aar,Ja,7.52,0
K0452,42,66,96.21,14.5,3,1,Maaned,Nei,2.77,1
K0453,34,115,80.16,6.13,0,1,Maaned,Nei,7.43,0
K0454,25,11,78.24,24.89,0,1,Maaned,Ja,,0
K0455,52,24,90.06,12.83,2,0,Maaned,Ja,4.97,0
K0456,40,12,88.94,12.03,1,1,Ett_aar,Ja,6.29,0
K0457,32,119,55.93,13.79,3,0,Ett_aar,Ja,7.43,0
K0458,49,35,66.37,10.72,2,0,To_aar,Ja,7.49,0
K0459,47,21,85.92,13.93,1,0,Maaned,Nei,6.84,0
K0460,39,55,75.82,13.29,0,1,Maaned,Nei,7.78,0
K0461,52,14,67.66,14.66,0,0,Maaned,Nei,9.52,0
K0462,54,27,50.49,14.48,0,3,Maaned,Nei,6.19,0
K0463,19,45,65.88,5.46,1,0,Maaned,Ja,6.08,0
K0464,18,55,74.57,8.37,0,0,Ett_aar,Ja,5.89,0
K0465,34,58,66.99,13.21,1,1,Ett_aar,Ja,8.18,0
K0466,51,43,89.73,14.49,2,1,Ett_aar,Nei,7.56,0
K0467,25,41,63.57,6.26,1,1,Maaned,Nei,9.82,0
K0468,56,38,69.6,8.99,1,2,Maaned,Ja,4.24,0
K0469,64,23,57.59,3.71,0,0,Ett_aar,Ja,9.48,0
K0470,51,81,76.33,11.58,2,0,Maaned,Nei,5.67,0
K0471,42,10,89.97,6.84,0,1,Maaned,Nei,6.81,1
K0472,31,28,76.35,13.55,2,2,Maaned,Nei,7.75,0
K0473,43,21,66.65,8.04,1,1,Ett_aar,Nei,8.85,0
K0474,34,35,82.59,10.72,2,0,Maaned,Ja,8.33,1
K0475,37,8,78.49,7.04,1,0,Maaned,Nei,6.44,0
K0476,23,45,79.18,5.76,2,1,To_aar,Ja,5.78,1
K0477,43,25,61.26,10.21,2,0,Ett_aar,Ja,6.81,0
K0478,51,23,96.08,10.76,1,0,Maaned,Nei,7.11,0
K0479,47,13,74.58,10.2,1,0,Ett_aar,Ja,6.17,0
K0480,58,57,71.57,11.58,1,0,Maaned,Ja,6.29,0
K0481,33,66,80.08,10.01,0,0,Maaned,Ja,7.99,0
K0482,37,4,68.43,10.53,4,2,Maaned,Ja,3.59,1
K0483,52,32,87.89,14.9,1,1,Maaned,Ja,4.79,0
K0484,18,54,81.47,15.44,1,0,Maaned,Ja,7.23,0
K0485,61,18,67.37,18.29,4,1,Maaned,Ja,5.92,1
K0486,40,18,50.8,13.46,1,2,Ett_aar,Ja,6.49,0
K0487,20,80,63.18,17.29,2,1,Ett_aar,Ja,5.91,0
K0488,32,16,74.47,20.57,2,1,Maaned,Nei,7.36,0
K0489,42,47,67.02,16.93,0,1,Maaned,Ja,8.4,0
K0490,54,39,68.77,15.44,1,0,Ett_aar,Nei,10.0,0
K0491,26,58,81.81,14.49,2,0,Ett_aar,Ja,7.66,0
K0492,46,36,98.08,11.61,2,0,Maaned,Nei,5.13,1
K0493,51,28,102.35,10.71,2,1,Maaned,Nei,4.75,1
K0494,43,27,61.34,18.91,0,1,To_aar,Ja,7.86,0
K0495,48,77,60.37,13.28,1,2,Ett_aar,Ja,5.76,0
K0496,31,16,87.55,17.54,0,1,Maaned,Ja,8.16,0
K0497,32,62,89.74,10.36,1,2,Maaned,Ja,5.9,1
K0498,36,66,76.03,15.42,0,2,Ett_aar,Nei,5.8,0
K0499,42,29,81.98,12.19,0,1,Ett_aar,Ja,5.25,0
K0500,28,36,83.1,11.52,3,0,Maaned,Ja,5.41,0
K0501,56,34,68.89,9.46,2,0,Ett_aar,Ja,6.59,0
K0502,34,62,68.0,10.03,1,0,Ett_aar,Ja,8.01,0
K0503,18,44,60.01,4.75,1,0,Ett_aar,Ja,7.34,0
K0504,37,30,,5.43,2,0,Maaned,Nei,6.99,0
K0505,38,58,60.96,11.44,2,1,Ett_aar,Ja,7.81,0
K0506,,27,74.34,14.08,3,0,Ett_aar,Nei,9.05,0
K0507,34,39,79.0,6.38,0,2,Ett_aar,Nei,7.24,0
K0508,48,20,62.27,6.27,2,2,Maaned,Nei,7.91,0
K0509,52,67,62.77,8.37,0,1,Ett_aar,Ja,7.86,0
K0510,50,40,56.67,12.85,2,1,Ett_aar,Ja,10.0,0
K0511,44,14,73.63,1.65,1,1,Maaned,Nei,7.74,0
K0512,42,24,73.19,7.52,7,0,Maaned,Nei,2.66,1
K0513,59,24,85.92,14.81,0,1,Maaned,Nei,6.62,0
K0514,21,30,68.76,9.91,1,0,Ett_aar,Ja,8.94,0
K0515,59,37,42.37,9.14,2,1,Ett_aar,Ja,8.37,0
K0516,35,45,57.96,9.01,0,0,Ett_aar,Ja,10.0,0
K0517,36,31,55.86,15.65,0,0,Ett_aar,Nei,8.75,0
K0518,32,43,75.88,2.07,2,0,Maaned,Ja,6.21,0
K0519,57,29,54.25,,1,0,Maaned,Ja,8.35,0
K0520,63,46,78.94,17.38,1,0,Maaned,Nei,9.05,0
K0521,46,79,70.76,16.48,0,0,Ett_aar,Nei,9.18,0
K0522,62,18,69.81,15.1,1,0,Maaned,Ja,7.21,0
K0523,43,31,100.87,11.66,1,0,Maaned,Nei,7.38,1
K0524,51,34,59.35,7.42,2,0,To_aar,Ja,,0
K0525,31,61,69.49,8.49,0,2,Maaned,Ja,6.38,0
K0526,48,38,74.23,15.5,1,1,Ett_aar,Ja,6.43,0
K0527,33,21,78.23,10.93,2,0,Maaned,Ja,8.02,0
K0528,32,66,51.45,10.68,1,0,Maaned,Nei,8.22,0
K0529,56,66,74.26,5.57,2,1,Maaned,Ja,3.71,1
K0530,57,41,57.07,,4,2,To_aar,Ja,4.74,0
K0531,31,56,79.76,0.5,3,1,Maaned,Ja,5.35,1
K0532,36,54,83.72,10.13,2,1,Ett_aar,Ja,6.09,1
K0533,31,47,45.56,11.83,0,1,Ett_aar,Ja,7.71,0
K0534,24,10,83.27,7.27,3,2,Maaned,Nei,4.3,1
K0535,48,95,69.6,11.54,2,0,To_aar,Ja,6.64,1
K0536,18,57,64.64,7.93,0,1,To_aar,Ja,8.01,0
K0537,44,13,81.29,13.47,2,3,Maaned,Nei,3.74,1
K0538,44,30,61.07,11.43,3,1,Maaned,Ja,4.11,1
K0539,52,33,60.33,14.98,0,0,To_aar,Ja,9.75,0
K0540,50,27,74.98,9.99,0,1,Maaned,Ja,6.57,0
K0541,45,92,65.68,17.45,1,2,Maaned,Nei,3.97,1
K0542,48,19,75.87,7.16,2,1,Maaned,Ja,6.59,0
K0543,24,76,65.36,12.97,0,0,Ett_aar,Ja,9.46,0
K0544,25,66,104.58,8.83,1,0,Maaned,Ja,6.38,0
K0545,31,32,98.52,13.82,0,1,Maaned,Ja,6.93,0
K0546,42,69,77.66,8.83,0,0,Maaned,Ja,8.45,0
K0547,36,20,100.57,14.42,0,0,Maaned,Ja,5.97,0
K0548,49,52,83.45,12.59,2,1,Ett_aar,Ja,9.15,0
K0549,27,120,52.49,12.12,0,0,Ett_aar,Ja,8.71,0
K0550,42,11,73.62,11.49,0,0,Maaned,Nei,8.05,0
K0551,29,44,80.27,15.39,1,0,Ett_aar,Ja,8.5,0
K0552,22,48,78.12,11.85,3,2,Maaned,Nei,5.14,0
K0553,34,9,96.13,10.95,2,3,Maaned,Ja,6.0,1
K0554,59,10,68.95,0.58,1,1,Maaned,Nei,6.76,1
K0555,32,21,81.82,9.44,2,4,Ett_aar,Nei,5.09,1
K0556,34,5,78.71,8.57,2,2,Maaned,Nei,7.35,0
K0557,55,54,80.81,14.76,2,2,Maaned,Ja,6.59,0
K0558,,27,72.81,5.2,0,0,Maaned,Ja,9.65,0
K0559,68,11,74.82,15.03,3,1,Maaned,Nei,6.68,0
K0560,38,3,,0.5,2,2,Maaned,Nei,6.53,1
K0561,41,39,78.86,4.33,7,1,Ett_aar,Ja,2.86,1
K0562,47,33,42.76,4.84,0,1,Maaned,Ja,8.29,0
K0563,67,34,57.08,10.25,1,0,Ett_aar,Nei,,0
K0564,64,15,83.0,23.22,1,0,Ett_aar,Nei,4.97,0
K0565,51,40,86.94,14.01,1,0,Ett_aar,Ja,8.44,0
K0566,50,24,76.33,13.8,2,3,Maaned,Nei,8.54,1
K0567,23,44,78.76,10.32,1,2,Maaned,Nei,6.22,0
K0568,39,21,57.45,10.75,0,1,To_aar,Ja,7.11,0
K0569,21,2,67.89,10.41,1,1,Maaned,Nei,7.87,0
K0570,38,51,65.83,14.74,1,0,Ett_aar,Ja,6.8,0
K0571,40,34,66.58,10.17,0,0,Maaned,Nei,8.09,0
K0572,51,5,61.38,10.46,2,0,Maaned,Nei,5.87,0
K0573,50,15,90.48,14.82,0,1,Maaned,Ja,7.51,0
K0574,25,17,58.84,9.75,1,0,Ett_aar,Ja,7.02,0
K0575,31,15,48.78,10.25,1,1,Ett_aar,Ja,10.0,0
K0576,36,41,91.58,20.34,1,0,Ett_aar,Ja,5.74,0
K0577,54,85,101.41,15.43,1,1,Maaned,Nei,4.91,1
K0578,55,37,79.21,11.91,0,1,Maaned,Nei,7.37,1
K0579,40,51,97.04,18.58,1,1,Maaned,Nei,5.04,0
K0580,38,46,83.63,13.33,1,2,Ett_aar,Nei,6.01,0
K0581,33,42,63.62,7.67,1,1,To_aar,Ja,4.92,0
K0582,51,9,76.41,14.01,2,1,Maaned,Nei,,1
K0583,47,26,62.04,14.91,1,2,Ett_aar,Nei,4.05,1
K0584,60,8,79.76,6.18,2,2,Maaned,Nei,7.48,0
K0585,62,15,55.17,10.19,3,0,Ett_aar,Ja,7.48,0
K0586,19,77,83.84,11.34,0,3,Maaned,Ja,5.1,0
K0587,53,23,44.06,5.76,3,1,Maaned,Nei,6.67,0
K0588,,59,55.73,11.98,1,1,Ett_aar,Nei,6.95,0
K0589,36,20,62.77,8.41,0,3,Maaned,Nei,5.22,0
K0590,53,58,69.25,9.73,0,1,To_aar,Ja,8.31,0
K0591,36,93,70.62,13.91,1,0,Ett_aar,Ja,7.14,0
K0592,69,73,73.24,2.97,1,2,Ett_aar,Ja,7.07,1
K0593,70,5,82.26,15.27,2,1,Maaned,Ja,7.7,0
K0594,42,37,56.83,6.91,2,0,To_aar,Ja,8.4,0
K0595,54,28,71.56,12.04,0,0,To_aar,Ja,7.12,0
K0596,18,41,47.74,9.26,2,1,Maaned,Nei,9.2,0
K0597,62,18,86.85,4.79,1,0,Maaned,Ja,7.86,0
K0598,55,23,92.74,11.66,0,0,Maaned,Nei,8.0,1
K0599,45,67,53.18,11.1,0,0,Ett_aar,Ja,6.01,0
K0600,54,23,82.62,11.0,0,0,Maaned,Nei,6.92,0
K0601,48,29,78.71,13.84,1,2,To_aar,Nei,5.5,0
K0602,45,67,81.23,14.13,2,0,Ett_aar,Ja,6.63,0
K0603,58,32,94.04,20.03,0,1,Maaned,Ja,8.33,1
K0604,62,30,50.37,4.27,1,0,Ett_aar,Nei,7.89,0
K0605,28,38,95.27,21.32,0,0,Ett_aar,Ja,8.42,0
K0606,33,33,71.04,15.57,0,0,Ett_aar,Nei,8.58,0
K0607,52,120,72.78,16.6,1,0,To_aar,Ja,7.06,0
K0608,38,104,51.5,11.9,1,1,To_aar,Ja,5.9,0
K0609,40,17,78.58,,0,0,Maaned,Nei,8.5,0
K0610,32,40,53.48,8.61,1,0,To_aar,Nei,10.0,0
K0611,49,37,68.67,,1,0,To_aar,Ja,6.2,0
K0612,44,120,40.22,8.93,0,0,To_aar,Ja,9.37,0
K0613,27,26,66.33,4.99,1,3,Ett_aar,Ja,8.17,0
K0614,31,41,45.13,4.14,2,0,Maaned,Nei,9.97,0
K0615,42,30,,7.44,0,1,Maaned,Ja,7.51,0
K0616,35,14,72.56,11.55,2,0,Maaned,Nei,6.5,0
K0617,59,28,83.79,9.74,0,2,To_aar,Ja,6.6,1
K0618,43,32,73.19,7.82,0,1,Maaned,Ja,8.35,0
K0619,47,46,68.63,14.98,1,1,Ett_aar,Ja,6.55,0
K0620,28,28,79.07,9.24,1,0,Maaned,Ja,6.21,0
K0621,40,34,74.32,7.19,2,1,Ett_aar,Ja,7.45,0
K0622,57,13,91.54,13.12,0,1,Maaned,Ja,8.74,0
K0623,38,70,95.01,9.45,2,2,Maaned,Ja,4.44,1
K0624,76,55,73.0,11.07,1,0,Ett_aar,Ja,9.02,0
K0625,39,38,58.45,6.69,1,0,Ett_aar,Ja,9.19,0
K0626,40,52,87.4,13.31,2,2,Maaned,Ja,4.87,1
K0627,39,35,79.78,14.17,1,1,Ett_aar,Nei,7.0,0
K0628,41,105,88.95,15.46,0,0,Maaned,Nei,7.83,0
K0629,45,36,65.85,16.35,1,2,Ett_aar,Nei,5.58,1
K0630,43,27,58.05,6.18,2,2,To_aar,Nei,6.17,0
K0631,44,40,60.04,7.94,0,1,Ett_aar,Ja,9.3,0
K0632,26,54,81.28,7.2,3,0,Maaned,Nei,6.48,1
K0633,32,48,95.23,10.5,0,0,Maaned,Ja,7.35,0
K0634,46,20,81.76,9.48,2,0,Maaned,Ja,7.3,0
K0635,46,40,69.41,11.45,2,0,To_aar,Ja,8.74,0
K0636,37,28,58.39,10.44,1,2,Maaned,Nei,6.78,0
K0637,41,101,91.65,11.47,1,1,Maaned,Ja,5.56,0
K0638,38,18,93.04,4.82,0,2,Maaned,Nei,6.58,0
K0639,29,53,74.64,16.31,1,0,To_aar,Nei,7.01,0
K0640,,34,58.22,7.77,2,1,Ett_aar,Ja,7.51,0
K0641,,52,58.19,12.71,0,0,To_aar,Ja,7.17,0
K0642,42,15,92.7,8.45,2,2,Maaned,Nei,4.51,0
K0643,37,7,91.01,11.33,1,1,Maaned,Nei,4.49,1
K0644,48,32,59.26,6.03,0,2,To_aar,Nei,7.86,0
K0645,30,56,82.42,12.09,1,0,Maaned,Ja,6.76,0
K0646,36,41,79.99,12.63,0,0,Maaned,Nei,6.98,0
K0647,18,54,69.92,11.96,2,2,Maaned,Nei,6.7,1
K0648,24,47,94.16,3.4,0,0,Maaned,Nei,7.22,0
K0649,18,19,94.53,17.65,2,0,Ett_aar,Nei,3.74,0
K0650,47,12,69.04,17.46,0,3,Maaned,Nei,5.42,1
K0651,45,36,61.45,14.34,0,0,Maaned,Nei,8.75,0
K0652,39,24,97.01,15.53,0,0,Maaned,Ja,8.19,0
K0653,21,30,83.78,13.42,5,1,Maaned,Nei,3.78,1
K0654,42,23,75.85,12.97,1,3,Maaned,Nei,5.73,1
K0655,18,45,81.74,10.74,0,2,Maaned,Nei,5.91,0
K0656,61,63,94.35,7.76,1,0,Maaned,Nei,8.06,0
K0657,,40,106.39,13.99,0,0,Maaned,Ja,6.84,0
K0658,47,29,93.87,20.95,1,0,Maaned,Nei,5.94,1
K0659,31,65,66.77,8.47,1,1,Ett_aar,Ja,7.15,0
K0660,39,18,68.6,14.46,2,0,Maaned,Ja,6.56,0
K0661,35,98,87.15,12.36,0,1,Maaned,Nei,6.67,0
K0662,18,13,58.89,1.53,0,0,Ett_aar,Ja,9.82,0
K0663,49,42,83.18,10.32,2,1,Maaned,Nei,4.59,0
K0664,37,15,85.85,10.97,3,2,Maaned,Nei,7.45,1
K0665,27,53,56.3,11.4,3,0,Ett_aar,Ja,7.93,0
K0666,18,45,80.95,13.71,0,0,Ett_aar,Ja,7.1,0
K0667,29,120,94.67,12.41,3,0,Ett_aar,Nei,5.1,0
K0668,30,23,56.79,11.64,1,0,Maaned,Nei,7.95,0
K0669,55,102,54.29,19.0,1,2,Ett_aar,Ja,5.35,0
K0670,34,67,75.21,15.91,0,3,Maaned,Ja,6.8,1
K0671,37,42,63.75,11.86,2,1,Ett_aar,Nei,4.97,0
K0672,36,27,81.02,14.13,0,1,Maaned,Ja,8.2,0
K0673,36,31,96.6,12.26,1,5,Maaned,Ja,4.73,1
K0674,46,117,87.89,4.5,0,1,Maaned,Ja,6.4,0
K0675,47,15,56.0,15.66,2,0,Ett_aar,Nei,7.5,0
K0676,32,120,94.85,7.66,1,1,Ett_aar,Nei,6.9,0
K0677,48,42,70.51,12.58,1,1,Maaned,Nei,5.31,0
K0678,30,120,60.98,14.04,1,1,Ett_aar,Ja,6.38,0
K0679,49,106,80.46,8.01,3,3,Maaned,Ja,4.16,1
K0680,27,31,75.36,11.0,1,2,Maaned,Nei,5.74,1
K0681,49,82,60.33,12.69,0,1,Ett_aar,Nei,7.07,0
K0682,57,67,86.36,12.3,1,0,Maaned,Ja,5.74,0
K0683,38,8,81.3,18.06,1,1,Maaned,Nei,6.49,0
K0684,34,32,78.27,10.62,0,4,Maaned,Nei,7.87,1
K0685,45,27,56.72,4.77,0,0,Maaned,Ja,9.12,0
K0686,33,37,77.07,12.72,2,1,Ett_aar,Nei,6.52,0
K0687,49,36,98.02,16.69,0,3,Maaned,Nei,,1
K0688,55,41,80.3,14.89,0,2,Maaned,Nei,6.0,0
K0689,52,75,87.46,16.06,1,0,Ett_aar,Nei,7.72,0
K0690,27,27,55.75,6.22,1,1,Ett_aar,Nei,6.11,0
K0691,41,30,87.1,13.99,3,0,Maaned,Ja,5.5,0
K0692,30,28,73.41,18.89,0,0,Ett_aar,Ja,6.23,0
K0693,37,33,76.85,15.49,2,1,Maaned,Nei,5.07,0
K0694,51,34,71.93,15.84,0,0,Maaned,Ja,8.09,0
K0695,18,32,66.01,13.55,2,0,Maaned,Nei,6.71,0
K0696,54,28,92.57,11.56,0,0,Maaned,Ja,5.82,1
K0697,25,13,87.55,12.07,2,0,Maaned,Ja,7.28,0
K0698,33,42,68.89,5.88,1,0,Maaned,Nei,6.91,0
K0699,18,43,81.26,7.49,1,1,Ett_aar,Nei,7.1,0
K0700,24,23,98.43,15.68,0,2,Maaned,Nei,7.66,0
K0701,25,39,84.0,7.86,1,0,Maaned,Nei,4.89,0
K0702,41,38,72.94,10.42,0,1,Maaned,Nei,9.1,0
K0703,63,69,62.56,11.21,3,1,To_aar,Ja,7.04,0
K0704,22,29,78.22,11.94,4,1,Ett_aar,Ja,5.0,0
K0705,22,59,83.08,16.13,2,3,Maaned,Nei,2.21,1
K0706,42,40,54.52,1.83,0,1,To_aar,Ja,8.36,0
K0707,36,14,65.22,6.42,2,1,Maaned,Nei,6.82,0
K0708,19,60,78.09,13.58,1,0,Maaned,Ja,8.71,0
K0709,37,93,80.08,9.59,4,0,Ett_aar,Nei,6.07,0
K0710,38,69,72.78,13.66,0,1,To_aar,Ja,,0
K0711,46,101,39.0,9.35,1,0,To_aar,Ja,6.76,0
K0712,52,16,52.13,6.99,5,0,Ett_aar,Ja,6.81,0
K0713,,36,65.84,8.91,2,3,Ett_aar,Nei,5.91,1
K0714,32,30,66.14,13.73,1,1,Maaned,Nei,9.82,1
K0715,27,13,68.95,7.63,0,1,Ett_aar,Nei,7.13,0
K0716,20,28,88.37,20.8,3,1,Maaned,Nei,4.02,1
K0717,39,57,62.82,8.34,0,0,Ett_aar,Nei,8.79,0
K0718,53,5,79.97,13.58,1,1,Maaned,Nei,8.65,0
K0719,48,26,67.97,21.81,4,0,To_aar,Ja,4.42,0
K0720,37,40,53.92,11.73,1,0,Ett_aar,Ja,7.38,0
K0721,39,42,69.89,12.76,2,2,Ett_aar,Ja,,0
K0722,48,25,93.49,19.29,0,1,Maaned,Nei,6.8,0
K0723,49,16,63.14,10.09,2,0,Maaned,Ja,6.63,0
K0724,46,51,74.18,12.41,1,0,To_aar,Ja,7.69,0
K0725,39,41,89.19,7.54,3,1,Maaned,Ja,4.68,1
K0726,45,13,69.72,9.99,0,0,Maaned,Ja,7.66,0
K0727,33,43,68.28,11.96,3,0,To_aar,Ja,3.95,0
K0728,35,72,64.41,7.91,1,0,To_aar,Ja,7.24,0
K0729,18,57,83.47,13.7,3,0,Maaned,Nei,5.6,0
K0730,59,78,76.05,12.55,3,2,To_aar,Ja,2.38,0
K0731,27,31,72.55,12.27,0,1,Maaned,Nei,8.38,0
K0732,18,29,76.48,6.1,3,0,Ett_aar,Ja,7.38,0
K0733,18,10,74.6,8.38,3,0,Maaned,Ja,4.17,1
K0734,55,79,89.51,14.65,1,0,Ett_aar,Ja,7.64,0
K0735,31,76,74.6,8.76,1,0,Ett_aar,Ja,6.56,0
K0736,38,40,64.9,14.5,0,0,To_aar,Ja,8.52,0
K0737,38,110,67.25,16.29,1,2,To_aar,Nei,5.67,0
K0738,46,94,67.02,11.76,1,0,Maaned,Ja,8.24,0
K0739,34,36,75.1,8.45,1,1,Maaned,Ja,8.45,0
K0740,50,23,90.62,13.74,1,1,Maaned,Nei,8.23,0
K0741,18,70,63.77,10.01,2,1,To_aar,Ja,,0
K0742,31,23,87.32,8.97,3,1,Maaned,Nei,6.02,0
K0743,48,76,77.97,0.5,0,1,Maaned,Nei,8.02,0
K0744,46,26,60.31,10.74,3,2,Ett_aar,Ja,3.63,0
K0745,27,54,86.68,8.09,0,3,Maaned,Nei,3.14,1
K0746,37,28,,7.34,1,1,Maaned,Nei,5.81,1
K0747,29,69,71.96,10.01,1,3,Ett_aar,Nei,6.6,1
K0748,38,14,67.81,5.93,1,0,Maaned,Nei,7.32,0
K0749,50,65,89.35,11.84,3,2,Maaned,Nei,4.97,0
K0750,37,21,72.42,9.69,1,0,Maaned,Nei,7.46,0
K0751,36,15,74.96,12.86,0,2,Maaned,Nei,4.87,0
K0752,36,29,89.33,14.24,1,1,Maaned,Nei,7.62,0
K0753,31,33,69.61,3.94,3,2,Maaned,Ja,4.12,0
K0754,54,24,69.19,0.5,4,2,Maaned,Ja,4.6,1
K0755,60,106,81.79,12.42,3,1,Maaned,Ja,4.2,0
K0756,39,67,92.5,4.98,2,1,Maaned,Ja,3.21,1
K0757,46,51,83.19,19.72,0,1,To_aar,Ja,7.06,0
K0758,27,79,78.25,13.85,1,4,Ett_aar,Nei,7.96,0
K0759,43,23,78.65,10.94,1,1,Maaned,Nei,5.98,1
K0760,59,12,87.22,3.21,3,0,Maaned,Ja,3.49,1
K0761,31,50,47.45,7.45,1,4,To_aar,Nei,5.24,0
K0762,57,55,,19.08,1,0,Maaned,Ja,7.71,0
K0763,69,21,60.39,9.06,1,3,Ett_aar,Nei,4.79,1
K0764,32,27,57.59,1.97,2,2,Ett_aar,Nei,,0
K0765,41,42,64.01,19.35,0,1,To_aar,Ja,7.19,0
K0766,51,95,55.87,11.48,1,0,To_aar,Ja,7.48,0
K0767,35,16,77.79,14.31,2,2,Maaned,Nei,6.11,1
K0768,38,31,59.55,9.65,0,1,To_aar,Ja,6.79,0
K0769,25,46,76.07,9.82,1,1,Maaned,Nei,7.72,0
K0770,39,18,104.92,18.29,3,0,Maaned,Ja,4.95,0
K0771,64,16,71.62,13.24,3,1,Maaned,Nei,4.79,1
K0772,34,95,60.65,6.36,0,0,To_aar,Ja,7.78,0
K0773,49,97,63.36,21.1,1,0,Maaned,Ja,6.21,0
K0774,54,120,70.08,7.08,0,1,Maaned,Ja,5.32,0
K0775,18,45,65.98,18.59,1,1,Ett_aar,Ja,6.86,0
K0776,53,28,67.18,18.43,0,1,Maaned,Nei,8.76,0
K0777,36,14,80.67,6.8,2,1,Maaned,Nei,7.32,1
K0778,41,16,49.98,14.22,2,1,Maaned,Ja,5.91,0
K0779,57,35,73.76,6.07,1,1,Maaned,Nei,5.32,1
K0780,45,98,40.05,10.98,1,1,Ett_aar,Nei,7.97,0
K0781,60,41,72.96,4.91,1,1,Maaned,Ja,6.75,0
K0782,22,18,95.84,8.96,1,1,Maaned,Nei,7.89,1
K0783,49,93,53.48,16.34,2,0,Ett_aar,Ja,5.75,0
K0784,66,39,81.3,1.61,1,0,Maaned,Ja,6.11,0
K0785,25,111,70.27,13.61,0,1,To_aar,Nei,,0
K0786,33,16,89.44,16.41,0,0,Ett_aar,Ja,9.09,0
K0787,41,31,74.49,11.96,2,0,Ett_aar,Ja,6.66,0
K0788,34,42,88.65,16.3,4,2,Maaned,Nei,5.17,0
K0789,25,98,73.95,21.65,0,2,Ett_aar,Nei,6.36,0
K0790,40,42,76.46,17.14,0,0,Maaned,Ja,7.76,0
K0791,45,58,60.39,2.09,0,0,To_aar,Ja,9.28,0
K0792,22,113,83.45,19.63,2,1,To_aar,Ja,6.54,0
K0793,43,53,87.39,9.34,1,0,Maaned,Ja,6.45,0
K0794,26,43,75.11,15.07,0,1,Ett_aar,Ja,4.69,0
K0795,52,85,84.89,14.39,1,2,Maaned,Nei,4.37,0
K0796,40,62,78.56,4.18,1,0,Maaned,Ja,5.88,0
K0797,29,15,71.1,13.77,0,0,Maaned,Ja,6.53,0
K0798,53,40,102.2,14.05,1,0,Maaned,Ja,8.56,0
K0799,40,4,94.56,4.49,3,0,Maaned,Nei,5.62,1
K0800,39,72,77.11,8.66,1,0,To_aar,Ja,7.47,0
K0801,29,33,86.39,10.77,1,0,Maaned,Ja,7.67,0
K0802,54,32,87.98,6.98,1,0,Ett_aar,Ja,6.1,1
K0803,49,84,70.56,4.39,0,2,Ett_aar,Nei,6.33,0
K0804,38,48,79.31,10.48,0,1,Maaned,Nei,6.46,0
K0805,24,41,69.02,11.65,1,0,To_aar,Nei,8.1,0
K0806,37,31,91.25,9.67,1,2,Maaned,Nei,6.33,1
K0807,41,62,60.78,15.36,2,1,Maaned,Ja,7.72,0
K0808,48,61,85.62,8.14,3,0,Maaned,Ja,6.1,0
K0809,61,20,85.88,13.23,1,0,Maaned,Ja,6.54,0
K0810,26,31,73.15,4.14,0,1,To_aar,Ja,8.21,0
K0811,37,107,85.37,14.85,1,0,Ett_aar,Ja,6.54,0
K0812,35,23,51.81,18.22,0,1,Maaned,Nei,7.82,0
K0813,62,44,87.14,18.3,1,0,Ett_aar,Ja,7.53,0
K0814,31,39,53.17,8.05,2,2,To_aar,Ja,8.35,0
K0815,43,30,75.68,9.99,0,1,Ett_aar,Ja,7.57,0
K0816,47,70,91.86,14.6,1,2,Maaned,Nei,5.16,0
K0817,54,71,80.68,10.78,2,1,Maaned,Ja,7.44,1
K0818,46,50,75.15,10.81,1,0,To_aar,Ja,8.23,0
K0819,37,26,97.54,2.87,3,1,Maaned,Nei,3.6,1
K0820,34,52,72.18,13.05,1,1,Ett_aar,Ja,8.6,0
K0821,55,39,85.97,5.02,2,0,Maaned,Nei,7.92,0
K0822,32,69,76.0,12.16,2,1,Maaned,Ja,9.45,0
K0823,29,78,49.48,6.8,1,1,Maaned,Nei,9.08,0
K0824,36,67,81.33,9.0,3,1,Maaned,Nei,7.22,1
K0825,,39,72.04,12.41,1,0,Ett_aar,Nei,8.05,0
K0826,63,52,57.28,10.84,1,1,To_aar,Nei,6.61,0
K0827,41,72,92.89,17.16,2,1,Maaned,Ja,3.78,1
K0828,29,79,74.53,4.49,1,0,To_aar,Ja,7.01,0
K0829,45,15,49.03,10.1,1,1,Ett_aar,Nei,9.33,0
K0830,43,13,68.97,14.02,2,2,Maaned,Ja,5.54,1
K0831,65,15,56.84,14.07,0,0,Ett_aar,Ja,5.36,0
K0832,38,63,94.52,6.52,0,1,Ett_aar,Nei,9.6,0
K0833,70,33,78.18,4.14,0,3,Maaned,Ja,7.63,0
K0834,33,87,90.57,10.61,1,2,Maaned,Ja,8.43,0
K0835,43,22,76.43,11.31,0,1,Maaned,Nei,8.3,0
K0836,45,36,79.77,12.69,1,1,Maaned,Ja,8.14,0
K0837,59,11,88.23,1.0,2,1,Maaned,Ja,7.46,0
K0838,46,62,37.51,4.92,3,0,To_aar,Ja,7.64,0
K0839,44,28,72.82,12.46,0,2,Maaned,Nei,7.53,1
K0840,43,102,67.2,17.6,1,1,To_aar,Ja,6.52,0
K0841,53,23,89.03,13.12,1,1,Maaned,Ja,6.49,1
K0842,22,31,84.02,10.43,1,0,To_aar,Ja,6.51,0
K0843,38,84,76.77,7.22,6,1,To_aar,Ja,4.36,0
K0844,37,26,99.0,17.26,1,0,Maaned,Ja,8.14,1
K0845,42,71,73.47,6.74,2,0,To_aar,Ja,7.89,0
K0846,33,28,77.81,13.43,0,1,Maaned,Ja,5.93,0
K0847,35,64,76.69,10.17,0,0,Ett_aar,Ja,8.23,0
K0848,46,34,58.84,17.22,0,0,To_aar,Ja,9.16,0
K0849,41,11,74.97,5.17,0,2,Maaned,Nei,5.82,1
K0850,37,39,,4.17,1,0,To_aar,Ja,5.92,0
K0851,45,22,66.41,15.59,1,1,Ett_aar,Ja,6.43,0
K0852,51,41,88.97,3.47,2,3,Ett_aar,Ja,2.88,1
K0853,20,88,84.24,9.59,2,1,Maaned,Ja,5.46,0
K0854,34,51,73.13,7.94,1,1,Maaned,Ja,5.19,0
K0855,52,20,74.85,11.16,1,0,Ett_aar,Ja,7.12,0
K0856,43,46,56.88,13.71,2,0,To_aar,Ja,7.9,0
K0857,37,26,91.57,6.73,1,1,Maaned,Nei,6.62,1
K0858,40,99,64.78,14.03,0,1,To_aar,Ja,8.85,0
K0859,32,50,67.42,13.02,3,1,Ett_aar,Ja,5.21,1
K0860,56,100,81.26,5.87,2,1,Ett_aar,Ja,5.57,0
K0861,52,15,98.8,10.25,0,1,Ett_aar,Nei,8.1,0
K0862,44,46,93.13,,3,1,Ett_aar,Nei,7.0,0
K0863,41,66,72.46,12.11,3,0,To_aar,Ja,6.41,0
K0864,39,9,72.66,5.1,3,0,Maaned,Nei,5.3,1
K0865,43,81,55.08,7.75,4,0,To_aar,Ja,7.07,0
K0866,20,112,82.91,19.72,2,0,Maaned,Ja,6.35,1
K0867,31,20,100.98,11.38,1,0,Maaned,Ja,4.74,1
K0868,27,37,90.12,11.44,1,3,Maaned,Nei,7.12,0
K0869,18,15,99.07,,2,0,Maaned,Ja,4.41,0
K0870,41,22,85.39,8.14,2,1,Maaned,Ja,3.23,0
K0871,41,16,64.94,4.71,2,2,Ett_aar,Nei,4.87,0
K0872,50,62,92.6,7.03,0,0,Ett_aar,Ja,8.58,0
K0873,41,62,83.77,19.64,3,0,Ett_aar,Ja,8.44,0
K0874,48,82,73.0,14.15,1,0,To_aar,Ja,7.35,0
K0875,20,75,84.98,13.54,2,0,Maaned,Nei,7.11,0
K0876,37,44,83.38,24.19,2,1,Ett_aar,Ja,7.85,0
K0877,34,81,,9.6,0,1,Ett_aar,Ja,6.21,0
K0878,35,30,53.82,,2,1,Ett_aar,Ja,7.37,0
K0879,70,19,81.56,12.65,1,2,Maaned,Nei,6.35,1
K0880,51,22,73.97,6.94,3,3,Maaned,Nei,6.22,0
K0881,35,63,29.58,6.79,0,2,To_aar,Ja,7.39,0
K0882,43,15,89.57,,1,2,Maaned,Ja,4.05,1
K0883,42,15,77.74,6.36,1,2,Maaned,Nei,2.71,0
K0884,18,48,104.13,16.69,4,0,Maaned,Ja,5.06,1
K0885,60,50,84.97,10.77,1,1,Ett_aar,Ja,6.64,0
K0886,61,12,71.85,11.29,1,0,Ett_aar,Nei,6.76,0
K0887,19,10,75.7,25.15,1,0,Maaned,Ja,6.45,0
K0888,33,36,97.44,12.93,1,0,Maaned,Nei,6.02,0
K0889,48,50,72.62,16.69,1,0,Ett_aar,Ja,10.0,0
K0890,33,47,66.31,14.26,0,0,To_aar,Ja,6.45,0
K0891,38,66,71.31,9.96,3,0,Ett_aar,Ja,7.82,0
K0892,50,29,71.33,4.95,1,0,Ett_aar,Ja,6.68,1
K0893,59,4,105.59,15.43,2,1,Maaned,Nei,4.06,0
K0894,29,11,91.29,2.99,1,2,Maaned,Ja,6.24,1
K0895,62,56,63.46,13.47,3,0,To_aar,Ja,6.29,0
K0896,37,32,73.0,5.73,2,0,To_aar,Nei,8.61,0
K0897,24,72,76.62,13.56,0,2,Maaned,Ja,7.39,0
K0898,47,37,68.1,2.57,2,2,Ett_aar,Ja,5.46,0
K0899,34,14,90.52,7.06,2,4,Maaned,Nei,6.9,1
K0900,26,32,92.48,3.52,0,0,Ett_aar,Ja,7.84,0
K0901,32,26,66.65,6.76,1,3,Ett_aar,Ja,6.75,0
K0902,34,72,77.22,10.94,0,0,To_aar,Ja,7.79,0
K0903,62,38,72.7,9.55,2,1,Maaned,Ja,6.13,1
K0904,18,22,71.56,,1,1,Ett_aar,Nei,8.38,0
K0905,32,57,53.42,21.31,1,3,Maaned,Nei,6.76,1
K0906,,10,76.33,6.32,1,1,Maaned,Nei,5.19,0
K0907,48,18,75.24,18.45,0,0,Maaned,Ja,8.5,0
K0908,18,43,84.78,21.85,1,4,Ett_aar,Ja,4.58,1
K0909,40,71,94.95,16.32,3,0,Maaned,Ja,4.61,0
K0910,51,39,78.22,13.89,1,1,To_aar,Ja,7.06,0
K0911,43,15,77.21,13.21,1,1,Maaned,Nei,8.3,0
K0912,61,64,46.43,12.45,0,1,Maaned,Nei,8.76,0
K0913,18,40,68.67,8.03,2,1,Ett_aar,Ja,,0
K0914,18,30,84.03,9.86,0,3,Ett_aar,Nei,6.86,1
K0915,62,25,75.24,18.07,1,1,Maaned,Nei,8.26,0
K0916,44,18,65.32,15.01,1,4,Maaned,Nei,6.49,1
K0917,36,15,81.52,13.15,1,0,Maaned,Ja,7.27,0
K0918,,13,95.28,16.7,2,0,Maaned,Nei,7.01,1
K0919,22,5,82.67,13.96,0,1,Maaned,Nei,7.42,0
K0920,29,32,76.93,5.55,1,1,Maaned,Nei,5.98,0
K0921,55,12,76.1,4.72,2,1,Maaned,Nei,7.31,0
K0922,51,55,80.23,12.84,2,1,To_aar,Ja,6.49,0
K0923,37,14,72.48,7.55,1,0,Maaned,Nei,8.14,1
K0924,39,30,60.03,12.65,2,0,To_aar,Ja,9.32,0
K0925,32,47,71.59,11.24,1,1,To_aar,Ja,5.77,1
K0926,65,4,70.44,16.95,1,0,Maaned,Nei,,0
K0927,38,29,68.49,13.13,2,0,Maaned,Ja,7.01,0
K0928,33,31,66.55,6.15,0,0,Maaned,Nei,10.0,0
K0929,50,28,88.48,12.17,0,1,Maaned,Ja,4.92,1
K0930,29,120,67.16,3.33,2,1,Maaned,Nei,9.15,0
K0931,37,11,88.92,13.54,3,0,Maaned,Ja,6.53,1
K0932,26,65,78.33,15.78,1,0,Maaned,Nei,8.14,0
K0933,49,45,100.74,20.96,1,0,Maaned,Ja,8.74,0
K0934,38,29,76.28,17.05,1,1,Maaned,Ja,7.97,0
K0935,51,36,74.69,10.32,1,0,Ett_aar,Nei,6.64,0
K0936,23,86,68.46,16.47,1,0,To_aar,Ja,8.64,0
K0937,38,16,93.94,9.15,1,1,Maaned,Ja,6.97,0
K0938,57,33,59.26,12.73,3,2,Maaned,Nei,4.77,1
K0939,39,46,52.77,2.47,0,2,Ett_aar,Nei,5.78,0
K0940,48,69,84.05,16.29,3,0,Ett_aar,Ja,7.16,0
K0941,38,4,85.91,7.71,0,0,Maaned,Nei,7.44,0
K0942,42,32,47.33,8.94,1,0,To_aar,Ja,5.65,0
K0943,52,35,89.65,12.35,0,0,Maaned,Ja,8.42,1
K0944,44,87,72.48,12.22,0,0,To_aar,Ja,,0
K0945,57,23,82.4,10.55,0,2,Maaned,Ja,8.6,1
K0946,37,35,58.76,15.75,1,1,To_aar,Nei,7.18,0
K0947,48,44,60.31,11.47,2,2,To_aar,Ja,7.17,0
K0948,21,25,79.49,16.74,2,0,Maaned,Ja,8.54,0
K0949,63,34,85.09,7.43,2,4,Maaned,Nei,2.63,1
K0950,18,24,72.98,13.05,1,0,To_aar,Ja,6.7,0
K0951,52,43,72.96,11.92,3,3,Ett_aar,Nei,2.86,1
K0952,35,49,79.44,11.07,0,1,Maaned,Nei,9.08,0
K0953,53,48,70.68,4.88,0,1,Ett_aar,Nei,6.3,0
K0954,65,10,77.78,8.31,1,1,Maaned,Nei,8.06,1
K0955,34,73,81.76,17.9,0,0,Maaned,Nei,7.5,0
K0956,34,37,79.69,17.03,2,1,Maaned,Nei,7.23,0
K0957,45,30,85.39,13.12,0,0,Maaned,Ja,5.19,0
K0958,41,85,80.14,17.85,1,1,Maaned,Ja,6.0,0
K0959,34,34,82.08,13.47,0,1,Ett_aar,Nei,8.55,0
K0960,57,36,70.91,6.0,3,2,Maaned,Nei,8.77,0
K0961,40,7,90.25,15.85,0,1,Maaned,Nei,,0
K0962,37,48,81.32,14.93,2,0,Maaned,Nei,5.7,1
K0963,34,28,77.68,8.51,0,1,To_aar,Nei,5.93,0
K0964,48,83,75.66,13.94,3,1,Maaned,Nei,5.5,0
K0965,39,27,69.51,16.92,2,1,Ett_aar,Ja,5.9,0
K0966,25,52,66.29,7.04,0,0,To_aar,Ja,7.24,0
K0967,38,36,50.67,17.16,1,0,Ett_aar,Ja,6.7,0
K0968,41,34,74.47,4.76,1,1,Ett_aar,Ja,7.94,0
K0969,41,29,88.82,20.12,1,0,Maaned,Nei,4.64,0
K0970,38,12,78.33,4.04,3,0,Maaned,Ja,7.82,1
K0971,63,48,64.3,11.29,2,3,Maaned,Ja,7.57,0
K0972,44,31,71.19,8.58,1,0,Ett_aar,Ja,6.87,0
K0973,43,49,48.26,9.66,4,1,Ett_aar,Ja,6.8,0
K0974,18,29,63.24,9.6,4,0,Maaned,Ja,7.29,0
K0975,48,37,98.15,8.82,2,0,Maaned,Nei,5.67,1
K0976,51,51,67.24,12.82,1,0,Maaned,Ja,7.72,0
K0977,35,24,47.28,10.67,1,0,Ett_aar,Ja,5.77,0
K0978,65,53,77.1,12.6,3,0,To_aar,Ja,5.06,0
K0979,32,37,92.78,10.94,2,0,Maaned,Ja,6.15,0
K0980,23,71,61.75,11.31,2,0,Maaned,Ja,6.67,1
K0981,43,81,92.54,17.78,1,1,Ett_aar,Nei,8.07,0
K0982,19,27,70.37,9.07,0,1,Ett_aar,Ja,7.25,0
K0983,47,45,108.63,5.94,1,0,Maaned,Nei,9.77,0
K0984,54,10,73.17,14.92,0,0,Maaned,Nei,5.86,0
K0985,41,14,87.25,9.62,3,1,Maaned,Nei,7.64,1
K0986,36,21,105.55,20.09,2,0,Maaned,Nei,5.21,1
K0987,58,69,80.86,21.67,1,0,Maaned,Ja,6.3,0
K0988,22,31,,11.34,1,0,To_aar,Ja,9.15,0
K0989,36,35,74.21,13.4,0,0,Ett_aar,Ja,7.33,1
K0990,43,19,76.48,1.96,3,1,Ett_aar,Ja,5.19,0
K0991,49,46,54.29,13.09,0,0,Ett_aar,Ja,8.49,0
K0992,62,38,69.01,17.77,1,0,To_aar,Nei,8.14,0
K0993,69,15,65.89,,0,1,Ett_aar,Ja,7.14,0
K0994,59,56,83.09,12.36,1,0,Maaned,Ja,7.19,0
K0995,42,30,89.35,11.65,2,1,Maaned,Nei,7.82,1
K0996,30,30,81.63,10.77,2,0,To_aar,Ja,6.21,1
K0997,49,22,85.01,8.59,1,1,Maaned,Ja,7.91,0
K0998,32,31,74.36,6.93,3,0,Ett_aar,Nei,4.77,1
K0999,61,16,89.84,14.33,2,1,Ett_aar,Ja,6.93,0
K1000,26,29,51.51,3.54,2,0,Ett_aar,Ja,6.46,0
K1001,39,21,85.36,16.92,2,1,Maaned,Nei,5.45,0
K1002,,79,66.85,12.15,2,0,To_aar,Ja,4.26,0
K1003,42,39,66.5,16.73,1,0,Ett_aar,Ja,8.13,0
K1004,24,106,84.38,16.79,2,0,Ett_aar,Nei,5.68,0
K1005,37,81,82.9,4.86,2,2,Ett_aar,Nei,7.34,0
K1006,20,28,88.51,11.43,3,0,Maaned,Nei,5.3,0
K1007,27,37,65.42,3.63,4,3,Maaned,Ja,4.56,1
K1008,42,74,74.2,14.75,2,0,Ett_aar,Ja,7.83,0
K1009,38,22,68.51,,0,0,Ett_aar,Ja,8.0,0
K1010,43,28,91.14,8.21,2,3,Maaned,Ja,2.22,1
K1011,44,59,53.78,12.4,1,0,To_aar,Ja,7.86,0
K1012,35,57,84.74,13.35,3,1,Ett_aar,Ja,4.97,0
K1013,42,58,46.16,17.41,4,0,Ett_aar,Ja,6.42,0
K1014,44,58,63.77,19.92,2,2,Maaned,Nei,6.71,1
K1015,39,39,76.26,18.77,3,0,Ett_aar,Nei,4.89,0
K1016,25,97,69.22,15.35,1,2,Ett_aar,Nei,7.36,0
K1017,41,23,69.07,,0,0,To_aar,Ja,4.87,0
K1018,41,64,109.51,10.28,1,0,Maaned,Ja,7.52,0
K1019,50,35,81.79,10.97,3,1,Maaned,Ja,5.26,0
K1020,55,43,51.05,5.57,0,0,To_aar,Ja,10.0,0
K1021,40,84,56.87,9.8,2,3,Ett_aar,Nei,5.9,1
K1022,41,48,100.76,16.16,0,1,Ett_aar,Nei,4.64,1
K1023,42,77,71.9,4.43,1,2,To_aar,Ja,7.0,0
K1024,48,24,80.4,12.18,4,2,Maaned,Nei,3.38,1
K1025,24,58,76.31,17.88,1,0,Ett_aar,Nei,7.1,0
K1026,,85,87.0,12.58,1,1,To_aar,Ja,5.67,0
K1027,29,73,95.06,16.47,1,0,Maaned,Ja,9.23,0
K1028,45,35,102.32,8.97,1,1,Maaned,Ja,6.55,0
K1029,50,39,82.71,5.3,0,1,Ett_aar,Nei,7.69,0
K1030,37,30,65.82,10.31,4,0,Maaned,Nei,6.23,1
K1031,18,22,92.01,8.61,1,2,Ett_aar,Ja,8.14,0
K1032,69,45,68.25,11.51,2,0,Ett_aar,Ja,8.16,0
K1033,,53,81.19,6.46,1,2,Maaned,Nei,6.68,0
K1034,50,32,90.13,13.98,5,1,Maaned,Nei,2.66,1
K1035,18,32,94.87,15.66,0,0,Maaned,Ja,7.86,0
K1036,30,64,72.0,16.59,1,0,Ett_aar,Ja,7.47,0
K1037,75,80,77.91,15.98,0,1,Maaned,Nei,7.64,0
K1038,47,72,81.94,15.07,1,1,Maaned,Ja,4.58,1
K1039,34,13,86.57,7.48,4,1,Maaned,Nei,5.48,1
K1040,67,27,79.43,3.01,2,0,Ett_aar,Ja,6.07,0
K1041,25,48,71.2,,1,0,Ett_aar,Ja,7.85,0
K1042,48,11,90.48,9.44,0,1,Maaned,Nei,6.84,0
K1043,19,59,59.25,12.65,2,0,Ett_aar,Ja,7.11,0
K1044,36,53,81.39,10.54,2,1,Ett_aar,Nei,6.27,1
K1045,32,73,67.1,,1,2,Ett_aar,Ja,5.99,0
K1046,18,39,,10.73,0,0,Maaned,Nei,6.08,0
K1047,18,61,58.41,12.03,2,0,Ett_aar,Nei,5.21,0
K1048,54,45,63.04,10.22,1,2,To_aar,Ja,8.09,0
K1049,42,76,75.35,8.74,4,0,To_aar,Nei,6.22,0
K1050,24,72,65.38,6.66,1,0,Maaned,Ja,7.94,1
K1051,34,31,73.81,14.07,0,0,Maaned,Ja,6.64,0
K1052,38,25,,12.19,2,1,Ett_aar,Ja,8.8,0
K1053,78,26,47.42,12.06,3,0,Ett_aar,Ja,4.37,0
K1054,19,40,71.35,5.37,2,1,Ett_aar,Ja,6.49,0
K1055,27,52,70.14,17.73,1,0,Maaned,Nei,9.36,0
K1056,36,43,82.99,1.97,0,2,Ett_aar,Nei,6.95,1
K1057,42,29,60.45,6.54,3,2,Ett_aar,Nei,5.7,1
K1058,47,36,67.59,6.01,0,3,To_aar,Ja,9.8,0
K1059,40,44,96.82,19.19,1,1,Maaned,Nei,6.7,1
K1060,23,26,86.9,12.77,1,1,Maaned,Ja,7.37,0
K1061,30,26,71.1,16.25,0,2,Ett_aar,Nei,6.4,0
K1062,46,34,74.49,14.72,5,3,Maaned,Ja,3.21,1
K1063,51,44,61.25,15.52,0,0,To_aar,Ja,7.4,0
K1064,34,13,86.82,11.94,1,1,Maaned,Ja,5.45,1
K1065,62,44,89.91,16.19,1,0,Ett_aar,Ja,5.33,0
K1066,41,30,54.57,3.98,2,0,Maaned,Ja,,0
K1067,49,30,69.13,12.05,1,0,Maaned,Nei,7.4,0
K1068,33,73,79.06,9.93,1,0,To_aar,Ja,9.45,0
K1069,58,14,64.73,2.51,2,0,Maaned,Nei,7.83,1
K1070,41,42,60.42,5.11,0,0,Ett_aar,Ja,8.44,0
K1071,34,39,95.39,12.1,0,0,Maaned,Nei,8.41,0
K1072,42,87,64.92,2.55,2,0,Ett_aar,Ja,8.22,1
K1073,29,73,90.68,15.16,1,0,Ett_aar,Ja,8.16,1
K1074,26,33,63.57,6.39,2,1,Ett_aar,Ja,5.66,0
K1075,40,84,69.34,14.19,0,3,To_aar,Nei,7.11,0
K1076,40,42,75.26,3.13,3,2,Maaned,Nei,5.99,1
K1077,26,44,66.53,6.45,3,2,Ett_aar,Ja,5.1,1
K1078,23,120,56.85,10.5,1,1,Maaned,Ja,7.61,0
K1079,31,58,76.48,18.11,2,1,Ett_aar,Nei,4.56,0
K1080,47,76,64.01,9.83,1,2,Ett_aar,Nei,6.5,0
K1081,51,40,75.33,,2,1,Ett_aar,Ja,7.79,1
K1082,46,50,86.49,11.57,0,1,Maaned,Nei,7.76,0
K1083,30,50,74.34,8.73,0,0,Ett_aar,Ja,8.0,0
K1084,40,32,92.52,12.0,1,1,Maaned,Nei,5.92,1
K1085,26,25,59.6,13.55,1,1,Maaned,Nei,6.11,0
K1086,38,22,87.69,12.51,1,0,Maaned,Ja,7.79,0
K1087,37,64,62.05,9.16,3,2,To_aar,Ja,5.11,0
K1088,51,23,78.72,10.55,1,0,Maaned,Ja,6.29,1
K1089,30,25,74.06,7.19,3,1,Maaned,Nei,5.35,0
K1090,42,59,68.46,13.09,1,0,Ett_aar,Nei,7.18,0
K1091,42,112,64.14,17.54,2,0,Ett_aar,Ja,4.69,0
K1092,35,30,73.81,14.83,2,0,Maaned,Ja,7.99,0
K1093,60,54,63.3,7.15,1,0,Ett_aar,Ja,6.49,0
K1094,42,50,71.83,16.24,1,0,To_aar,Ja,7.15,0
K1095,46,25,80.25,15.33,3,0,To_aar,Nei,5.01,0
K1096,46,42,,10.82,2,2,Ett_aar,Ja,5.79,0
K1097,36,37,78.46,7.48,3,1,Maaned,Nei,6.08,0
K1098,,54,95.67,13.73,1,0,Maaned,Nei,4.3,0
K1099,26,41,52.22,15.14,1,2,To_aar,Ja,7.45,0
K1100,55,33,69.83,10.88,0,0,Ett_aar,Ja,8.62,0
K1101,45,30,70.01,8.55,1,0,Ett_aar,Nei,5.61,0
K1102,34,14,69.62,8.45,0,1,Maaned,Nei,6.43,0
K1103,67,12,60.82,4.93,0,2,Maaned,Nei,,1
K1104,35,69,69.64,0.77,1,0,Ett_aar,Ja,8.79,0
K1105,26,79,51.28,11.62,0,1,To_aar,Ja,6.85,0
K1106,40,38,,3.26,3,1,Maaned,Ja,9.62,0
K1107,35,35,53.98,11.7,2,2,Ett_aar,Nei,,0
K1108,46,63,72.22,12.58,3,0,Maaned,Nei,7.38,0
K1109,43,39,73.63,10.53,0,3,To_aar,Ja,6.26,0
K1110,47,79,59.22,16.99,0,0,To_aar,Ja,7.87,0
K1111,33,60,60.61,10.47,1,0,Maaned,Ja,8.63,0
K1112,18,48,72.39,6.53,1,2,Maaned,Ja,6.69,1
K1113,38,67,86.52,22.34,3,1,Ett_aar,Ja,6.41,0
K1114,46,56,107.92,9.33,2,2,Maaned,Nei,4.83,1
K1115,21,30,54.02,7.96,0,2,Ett_aar,Ja,7.2,0
K1116,41,61,95.54,,0,1,Maaned,Ja,6.57,0
K1117,52,37,95.46,11.52,1,0,To_aar,Ja,5.26,0
K1118,33,31,101.17,12.17,0,2,Maaned,Nei,4.21,1
K1119,33,23,81.52,16.32,0,0,Ett_aar,Ja,7.96,0
K1120,45,80,73.93,9.8,0,1,To_aar,Ja,8.45,0
K1121,27,57,57.28,9.67,1,0,To_aar,Ja,8.84,0
K1122,19,99,81.26,18.01,2,0,Maaned,Ja,6.55,0
K1123,44,28,,17.49,0,1,Maaned,Ja,7.99,0
K1124,,76,88.47,15.78,2,0,Maaned,Nei,7.96,0
K1125,38,13,80.28,3.68,1,1,Ett_aar,Ja,6.62,0
K1126,37,33,74.55,17.55,1,1,Maaned,Ja,7.26,1
K1127,49,36,77.19,12.12,0,1,Maaned,Nei,7.38,0
K1128,54,52,86.22,18.27,2,0,Ett_aar,Ja,5.53,1
K1129,49,51,85.49,18.01,0,1,Ett_aar,Ja,6.51,0
K1130,38,15,74.08,10.14,1,0,Maaned,Ja,6.01,0
K1131,39,47,67.46,15.72,0,1,Maaned,Nei,6.52,0
K1132,31,50,82.11,17.49,1,1,Maaned,Nei,6.37,1
K1133,42,79,72.83,6.39,0,2,Maaned,Nei,7.27,0
K1134,34,86,90.4,11.4,0,0,Maaned,Ja,8.67,0
K1135,22,18,66.38,15.14,0,0,Maaned,Ja,7.62,0
K1136,32,13,78.8,8.51,2,5,Maaned,Nei,5.21,1
K1137,38,35,81.94,9.75,3,0,Maaned,Ja,7.91,0
K1138,38,35,70.96,5.83,3,1,Maaned,Nei,3.26,1
K1139,53,18,78.75,13.53,0,1,Maaned,Nei,7.02,1
K1140,18,30,62.49,11.96,3,0,Maaned,Nei,6.85,0
K1141,58,59,52.8,14.35,2,0,To_aar,Ja,8.46,0
K1142,66,62,92.62,12.86,2,1,Maaned,Ja,6.55,0
K1143,43,19,85.32,14.93,3,2,Maaned,Nei,5.32,1
K1144,62,45,77.83,15.5,1,0,Ett_aar,Nei,6.11,0
K1145,35,71,57.43,,6,0,To_aar,Ja,5.7,0
K1146,55,34,,18.97,1,0,Ett_aar,Ja,7.73,0
K1147,41,16,84.16,9.12,0,0,Maaned,Ja,7.81,0
K1148,49,36,,11.08,3,1,Maaned,Ja,6.53,0
K1149,58,15,82.33,10.06,0,2,Ett_aar,Ja,,0
K1150,24,31,94.9,15.75,0,0,Ett_aar,Nei,10.0,0
K1151,21,32,81.57,16.78,0,0,Maaned,Ja,9.64,0
K1152,38,45,103.83,7.21,2,1,Maaned,Nei,5.61,1
K1153,41,9,85.81,13.86,0,1,Maaned,Ja,8.93,0
K1154,32,46,79.15,8.28,1,1,Maaned,Nei,8.74,0
K1155,18,46,63.84,9.19,1,0,Maaned,Ja,7.27,0
K1156,47,42,57.03,13.75,0,1,Maaned,Nei,7.96,0
K1157,58,27,78.24,10.23,1,1,Ett_aar,Ja,7.11,0
K1158,50,17,63.21,14.77,1,1,Maaned,Ja,5.23,0
K1159,56,41,58.1,11.54,2,2,Maaned,Nei,6.57,0
K1160,55,50,78.22,,0,4,Ett_aar,Nei,5.71,0
K1161,22,17,73.88,14.53,1,1,Maaned,Nei,8.95,0
K1162,34,32,55.21,12.45,0,0,Ett_aar,Nei,8.61,0
K1163,25,40,55.4,21.03,1,0,To_aar,Ja,6.54,0
K1164,49,22,70.06,5.29,5,3,Ett_aar,Nei,3.73,1
K1165,37,57,70.96,4.42,1,0,Ett_aar,Ja,6.88,0
K1166,34,28,78.93,18.05,2,0,Ett_aar,Ja,9.44,0
K1167,18,53,65.17,14.93,1,0,Ett_aar,Ja,7.34,0
K1168,43,72,88.71,11.97,1,3,Maaned,Ja,9.82,1
K1169,35,65,71.57,5.58,0,0,Maaned,Nei,5.48,1
K1170,78,39,78.4,8.32,2,3,Maaned,Nei,7.3,1
K1171,29,61,82.79,6.25,0,0,To_aar,Ja,8.51,0
K1172,35,74,51.42,10.04,2,0,To_aar,Ja,6.54,0
K1173,28,67,35.92,14.24,1,1,Ett_aar,Ja,5.94,0
K1174,35,22,74.51,14.96,0,0,Maaned,Nei,9.31,0
K1175,49,30,74.42,19.97,2,0,Ett_aar,Nei,7.86,1
K1176,18,27,75.49,0.83,1,0,Maaned,Ja,6.31,0
K1177,44,32,77.23,8.42,2,1,Maaned,Ja,5.43,0
K1178,39,42,87.53,6.33,0,2,Maaned,Ja,6.32,0
K1179,35,49,87.34,12.9,1,2,Maaned,Ja,6.98,0
K1180,53,38,59.95,10.71,1,0,To_aar,Ja,8.47,0
K1181,63,19,73.48,5.14,1,0,Ett_aar,Nei,5.91,0
K1182,57,51,81.42,9.69,2,0,Maaned,Nei,,0
K1183,62,7,60.27,12.45,3,0,Maaned,Ja,5.76,1
K1184,31,17,93.75,16.27,1,2,Maaned,Nei,,1
K1185,18,98,86.16,15.75,2,0,Maaned,Ja,4.35,0
K1186,22,32,70.25,,0,2,Maaned,Nei,7.03,0
K1187,63,49,83.46,4.7,0,0,Ett_aar,Ja,7.49,0
K1188,37,31,86.92,,3,1,Maaned,Nei,6.72,1
K1189,49,20,68.62,15.73,5,0,Maaned,Nei,4.59,1
K1190,37,89,69.63,13.89,1,0,To_aar,Ja,6.98,0
K1191,36,115,96.35,12.62,4,0,To_aar,Ja,,0
K1192,51,30,68.62,19.25,3,1,Maaned,Nei,5.69,0
K1193,58,46,79.62,15.13,2,2,Maaned,Ja,4.71,0
K1194,35,78,61.68,16.69,1,1,Ett_aar,Ja,6.72,0
K1195,,66,67.19,5.95,3,0,Ett_aar,Ja,,0
K1196,22,104,53.46,9.09,0,1,To_aar,Ja,7.39,0
K1197,41,66,59.1,12.46,3,0,To_aar,Ja,6.45,0
K1198,40,98,74.39,14.93,1,1,Maaned,Ja,8.12,0
K1199,54,72,61.03,9.08,0,1,Ett_aar,Ja,6.24,0
K1200,41,7,75.32,8.75,0,0,Maaned,Nei,8.59,0
